鄉鎮市區,交易標的,土地位置建物門牌,土地移轉總面積平方公尺,都市土地使用分區,非都市土地使用分區,非都市土地使用編定,交易年月日,交易筆棟數,移轉層次,總樓層數,建物型態,主要用途,主要建材,建築完成年月,建物移轉總面積平方公尺,建物現況格局-房,建物現況格局-廳,建物現況格局-衛,建物現況格局-隔間,有無管理組織,總價元,單價元平方公尺,車位類別,車位移轉總面積平方公尺,車位總價元,備註,編號,主建物面積,附屬建物面積,陽台面積,電梯,移轉編號,source_file
"南港區","房地(土地+建物)","臺北市南港區東新街８９巷１弄１６號","21.0","住","","","1140401","土地1建物1車位0","一層，平台","三層","公寓(5樓含以下無電梯)","住家用","加強磚造","","52.87","2","1","1","有","無","18150000","343295","","0.0","0","其他增建；具重建或重劃、都更等效益；","RPPNMLKKMHKGFDA17DA","52.87","0.0","0.0","無","002","a_lvr_land_a.csv"
"內湖區","房地(土地+建物)","臺北市內湖區內湖路一段９１巷１６６號二樓","13.89","都市：其他:第三種住宅區。","","","1140403","土地1建物1車位0","二層","六層","華廈(10層含以下有電梯)","住家用","鋼筋混凝土造","1130801","51.41","1","1","1","有","有","14480000","281657","","0.0","0","","RPPNMLMKMHKGFCA27DA","28.51","0.0","2.92","有","","a_lvr_land_a.csv"
"文山區","房地(土地+建物)","臺北市文山區辛亥路七段８４巷２４號三樓","36.5","住","","","1140406","土地1建物1車位0","三層","四層","公寓(5樓含以下無電梯)","住家用","鋼筋混凝土造","0670816","91.62","3","2","1","有","無","13800000","150622","","0.0","0","其他增建；","RPQNMLQJMHKGFAA47DA","78.54","0.0","13.08","無","","a_lvr_land_a.csv"
"北投區","房地(土地+建物)","臺北市北投區中央北路三段１４８巷４弄６號五樓","23.35","住","","","1140401","土地1建物1車位0","五層","五層","公寓(5樓含以下無電梯)","住家用","鋼筋混凝土造","0750307","84.1","3","1","1","有","有","9584149","113961","","0.0","0","","RPVOMLLKMHKGFEA08DA","70.9","0.0","5.02","無","010","a_lvr_land_a.csv"
"萬華區","房地(土地+建物)","臺北市萬華區寶興街８０巷２５號四樓","20.4","住","","","1140311","土地1建物1車位0","四層","四層","公寓(5樓含以下無電梯)","住家用","鋼筋混凝土造","0651118","86.65","3","2","1","有","無","13550000","156376","","0.0","0","陽台外推；頂樓加蓋；","RPRNMLLLLHKGFBA27DA","82.16","0.0","4.49","無","","a_lvr_land_a.csv"
"內湖區","房地(土地+建物)","臺北市內湖區成功路四段２２３巷１９號三樓","26.44","住","","","1140304","土地1建物1車位0","三層","五層","公寓(5樓含以下無電梯)","住家用","鋼筋混凝土造","0711023","85.22999999999999","3","2","1","有","無","17680000","207439","","0.0","0","陽台外推；其他增建；","RPSNMLLLLHKGFCA47DA","66.53","0.0","10.57","無","","a_lvr_land_a.csv"
"松山區","房地(土地+建物)+車位","臺北市松山區敦化南路一段３號二十一樓之１","32.33","住","","","1140318","土地2建物1車位2","二十一層","二十三層","住宅大樓(11層含以上有電梯)","住家用","鋼骨造","1100203","476.47","3","2","3","有","有","245000000","585303","坡道平面","73.26","9000000","","RPVOMLTJMHKGFDA68DA","226.06","13.5","25.6","有","015","a_lvr_land_a.csv"
"北投區","房地(土地+建物)","臺北市北投區吉利街１４９巷９號七樓","18.55","住","","","1140324","土地1建物1車位0","七層","九層","華廈(10層含以下有電梯)","住家用","鋼筋混凝土造","1060120","84.77","2","1","1","有","有","19680000","232158","","0.0","0","","RPSNMLLJMHKGFEA57DA","41.58","4.57","4.32","有","017","a_lvr_land_a.csv"
"士林區","房地(土地+建物)","臺北市士林區文林路７６３號八樓之１１","9.54","住","","","1140321","土地1建物1車位0","八層","十一層","住宅大樓(11層含以上有電梯)","住家用","鋼筋混凝土造","0700204","81.25999999999999","4","0","4","有","有","16950000","208590","","0.0","0","其他增建；","RPTNMLMJMHKGFEA77DA","61.14","0.0","8.32","有","","a_lvr_land_a.csv"
"大安區","房地(土地+建物)+車位","臺北市大安區復興南路二段１５１巷２８號四樓","28.19","都市：其他:第三種住宅區。","","","1140317","土地1建物1車位1","四層","十二層","住宅大樓(11層含以上有電梯)","住家用","鋼筋混凝土造","0950406","149.25","4","2","2","有","有","32000000","214405","坡道平面","58.28","0","親友、員工、共有人或其他特殊關係間之交易；","RPPNMLTJMHKGFFA28EA","71.11","2.9","8.18","有","","a_lvr_land_a.csv"
"中正區","房地(土地+建物)","臺北市中正區杭州南路一段１１１巷２８之１號","36.75","住","","","1140325","土地1建物1車位0","一層","四層","公寓(5樓含以下無電梯)","","加強磚造","0560823","92.26","3","2","2","有","無","20000000","216779","","0.0","0","親友、員工、共有人或其他特殊關係間之交易；","RPWOMLTJMHKGFBA58DA","92.26","0.0","0.0","無","","a_lvr_land_a.csv"
"內湖區","房地(土地+建物)","臺北市內湖區江南街６５巷１３號五樓","27.56","都市：其他:第三種住宅區。","","","1140311","土地2建物1車位0","五層","五層","公寓(5樓含以下無電梯)","住家用","鋼筋混凝土造","0700327","102.34","3","2","2","有","無","16800000","164159","","0.0","0","其他增建；","RPUNMLSLLHKGFCA38DA","88.44","0.0","13.9","無","","a_lvr_land_a.csv"
"內湖區","房地(土地+建物)+車位","臺北市內湖區文德路２２巷９弄６４號七樓","38.09","都市：其他:第三種住宅區。","","","1140302","土地1建物1車位2","九層，十層","十三層","住宅大樓(11層含以上有電梯)","住家用","鋼筋混凝土造","0800108","213.23000000000002","6","2","3","有","有","42280000","216585","坡道機械","34.64","3600000","陽台外推；夾層；其他增建；","RPTNMLMJMHKGFCA57DA","137.62","4.14","15.4","有","024","a_lvr_land_a.csv"
"內湖區","房地(土地+建物)+車位","臺北市內湖區民權東路六段１９１巷３８弄９號","85.67","都市：其他:第二種住宅區。","","","1140316","土地1建物1車位1","一層","五層","公寓(5樓含以下無電梯)","住家用","鋼筋混凝土造","0861122","162.44","6","2","2","有","無","40000000","246245","坡道平面","26.73","0","空地增建陽台外推；夾層；其他增建；","RPWOMLSJMHKGFCA58DA","95.99","0.0","7.75","無","","a_lvr_land_a.csv"
"內湖區","房地(土地+建物)+車位","臺北市內湖區內湖路一段３１６號","97.0","都市：其他:科技工業區(A區)(不得作住宅使用)。","","","1140303","土地1建物1車位5","一層","十三層","住宅大樓(11層含以上有電梯)","商業用","見使用執照","0910520","644.78","0","0","0","無","有","198880000","424030","坡道平面","199.34","10000000","","RPSPMLSJMHKGFCA28DA","338.87","0.0","20.43","有","","a_lvr_land_a.csv"
"松山區","房地(土地+建物)","臺北市松山區健康路１８５巷１６號七樓","28.74","住","","","1140301","土地1建物1車位0","七層","七層","華廈(10層含以下有電梯)","住家用","鋼筋混凝土造","0810309","134.34","3","2","2","有","有","35500000","264255","","0.0","0","陽台外推；其他增建；","RPROMLOLLHKGFDA87DA","87.41","0.0","8.18","有","026","a_lvr_land_a.csv"
"松山區","房地(土地+建物)","臺北市松山區民生東路四段９７巷２弄２１號二樓","38.33","都市：其他:住宅用地(民生社區特定專用區)。","","","1140318","土地1建物1車位0","二層","四層","公寓(5樓含以下無電梯)","住家用","鋼筋混凝土造","0570105","66.67","3","2","2","有","無","18000000","269987","","0.0","0","親友、員工、共有人或其他特殊關係間之交易；","RPSOMLSJMHKGFDA28DA","66.67","0.0","0.0","無","","a_lvr_land_a.csv"
"松山區","房地(土地+建物)","臺北市松山區新東街３巷１０號三樓","37.5","都市：其他:住宅用地(民生社區特定專用區)。","","","1140303","土地1建物1車位0","三層","四層","公寓(5樓含以下無電梯)","住家用","鋼筋混凝土造","0620720","100.67","3","2","1","有","無","21980000","218337","","0.0","0","","RPRPMLTJMHKGFDA38DA","92.01","0.0","8.66","無","","a_lvr_land_a.csv"
"北投區","房地(土地+建物)","臺北市北投區崗山路１７巷５號三樓","28.14","住","","","1140302","土地2建物1車位0","三層","四層","公寓(5樓含以下無電梯)","住家用","鋼筋混凝土造","0691015","81.3","3","2","1","有","無","8600000","105781","","0.0","0","其他增建；","RPSNMLMJMHKGFEA67DA","68.94","0.0","12.36","無","","a_lvr_land_a.csv"
"中山區","房地(土地+建物)","臺北市中山區一江街２２號二樓之１","21.32","住","","","1140318","土地2建物1車位0","二層","七層","華廈(10層含以下有電梯)","住家用","鋼筋混凝土造","0661102","124.85","3","2","2","有","無","28000000","224269","","0.0","0","","RPSNMLLKMHKGFCA57EA","103.55","0.0","5.95","有","","a_lvr_land_a.csv"
"北投區","房地(土地+建物)","臺北市北投區大同街１２５巷１６號四樓","28.88","都市：其他:第三種住宅區。","","","1140306","土地2建物1車位0","四層","四層","公寓(5樓含以下無電梯)","住家用","鋼筋混凝土造","0670605","73.4","2","2","1","有","無","9000000","122616","","0.0","0","頂樓加蓋:2房1廳1衛頂樓加蓋；","RPUNMLKKMHKGFEA87EA","61.49","0.0","11.91","無","","a_lvr_land_a.csv"
"北投區","房地(土地+建物)","臺北市北投區立農街二段２６６號三樓之１","13.92","住","","","1140331","土地1建物1車位0","三層","六層","華廈(10層含以下有電梯)","住家用","鋼筋混凝土造","0850309","59.32","2","1","1","有","有","15200000","256237","","0.0","0","露台、內梯、鐵鋁窗增建陽台外推；夾層；其他增建；","RPVNMLKKMHKGFEA97EA","30.92","4.91","4.99","有","031","a_lvr_land_a.csv"
"北投區","房地(土地+建物)","臺北市北投區溫泉路６８之９號四樓","26.75","住","","","1140327","土地1建物1車位0","四層","四層","公寓(5樓含以下無電梯)","住家用","鋼筋混凝土造","0620519","79.21","3","1","1","有","無","9100000","114884","","0.0","0","","RPRNMLLKMHKGFEA67EA","79.21","0.0","0.0","無","","a_lvr_land_a.csv"
"文山區","房地(土地+建物)","臺北市文山區興隆路一段７０巷１１弄２３之１號三樓","29.75","住","","","1140310","土地1建物1車位0","三層，陽臺","四層","公寓(5樓含以下無電梯)","住家用","鋼筋混凝土造","0641017","80.79","3","2","1","有","無","16000000","198044","","0.0","0","增建項目：前後陽台外推其他增建；","RPOOMLRLLHKGFAA57DA","80.79","0.0","0.0","無","","a_lvr_land_a.csv"
"中正區","房地(土地+建物)","臺北市中正區西藏路１２號四樓","0.06","都市：其他:第三之一種住宅區。","","","1140326","土地2建物1車位0","四層","四層","公寓(5樓含以下無電梯)","住家用","鋼筋混凝土造","0650922","3.46","0","0","0","無","無","630000","182081","","0.0","0","頂樓加蓋；包含公共設施保留地用地；","RPQOMLLKMHKGFAA17DA","3.46","0.0","0.0","無","035","a_lvr_land_a.csv"
"內湖區","房地(土地+建物)","臺北市內湖區東湖路１１３巷４９弄４５號四樓","36.0","都市：其他:第三種住宅區。","","","1140329","土地2建物1車位0","四層","五層","公寓(5樓含以下無電梯)","住家用","鋼筋混凝土造","0740819","125.71","6","0","6","有","無","19500000","155119","","0.0","0","陽台外推；","RPWNMLLKMHKGFCA87DA","107.49","0.0","7.78","無","","a_lvr_land_a.csv"
"信義區","房地(土地+建物)","臺北市信義區松山路２６８號","13.51","住","","","1140321","土地2建物1車位0","一層","十五層","住宅大樓(11層含以上有電梯)","住家用","鋼筋混凝土造","0730608","87.97","1","0","1","有","有","38000000","431965","","0.0","0","","RPQNMLOLLHKGFDA67DA","58.13","6.22","0.0","有","","a_lvr_land_a.csv"
"信義區","房地(土地+建物)","臺北市信義區吳興街２８４巷１３弄５號四樓","11.43","住","","","1140321","土地1建物1車位0","四層","七層","華廈(10層含以下有電梯)","住家用","鋼筋混凝土造","0821123","62.35","2","1","1","有","有","16000000","256616","","0.0","0","","RPSNMLSJMHKGFDA18DA","42.0","0.35","5.04","有","","a_lvr_land_a.csv"
"士林區","房地(土地+建物)","臺北市士林區忠誠路二段１１８巷２號六樓","25.31","住","","","1140302","土地2建物1車位0","六層","七層","華廈(10層含以下有電梯)","住家用","鋼筋混凝土造","0750321","138.78","3","2","2","有","無","35580000","256377","","0.0","0","其他增建；","RPPOMLSKLHKGFEA08DA","116.36","0.0","12.6","有","","a_lvr_land_a.csv"
"士林區","房地(土地+建物)+車位","臺北市士林區中山北路五段７４６號八樓之２","12.64","住","","","1140315","土地1建物1車位1","八層","十八層","住宅大樓(11層含以上有電梯)","住家用","鋼骨鋼筋混凝土造","1130904","156.03","3","2","2","有","有","39500000","253173","坡道平面","46.18","0","","RPTNMLKLLHKGFEA67DA","65.3","5.5","4.64","有","","a_lvr_land_a.csv"
"北投區","房地(土地+建物)","臺北市北投區石仙路４２之１號四樓","26.35","住","","","1140312","土地1建物1車位0","四層","五層","公寓(5樓含以下無電梯)","住家用","鋼筋混凝土造","0710924","84.23","3","2","1","有","無","7580000","89992","","0.0","0","","RPQNMLLJMHKGFEA37DA","77.99","0.0","6.24","無","","a_lvr_land_a.csv"
"北投區","房地(土地+建物)+車位","臺北市北投區幽雅路７號十一樓之６","8.1","","","","1140303","土地1建物1車位1","十一層","十三層","住宅大樓(11層含以上有電梯)","住家用","鋼筋混凝土造","0980205","72.03","1","0","1","有","有","8150000","142418","坡道機械","23.23","1200000","陽台外推；","RPTNMLLKMHKGFEA77DA","24.92","1.13","4.76","有","042","a_lvr_land_a.csv"
"萬華區","房地(土地+建物)","臺北市萬華區中華路二段４１６巷１號八樓之３","26.55","住","","","1140313","土地1建物1車位0","八層","十二層","住宅大樓(11層含以上有電梯)","住家用","鋼筋混凝土造","0760316","121.95","4","1","2","有","有","6440000","52809","","0.0","0","親友、員工、共有人或其他特殊關係間之交易；陽台外推；","RPPOMLMLJHKGFBA17EA","85.59","0.0","9.24","有","","a_lvr_land_a.csv"
"中山區","房地(土地+建物)","臺北市中山區農安街２７３號四樓","9.14","住","","","1140319","土地2建物1車位0","四層，通道","七層","華廈(10層含以下有電梯)","住家用","鋼筋混凝土造","0720803","64.71","3","2","2","有","有","9800000","151468","","0.0","0","親友、員工、共有人或其他特殊關係間之交易；","RPXNMLKKMHKGFCA97EA","51.73","0.0","4.7","有","","a_lvr_land_a.csv"
"內湖區","房地(土地+建物)","臺北市內湖區東湖路１１３巷６８號三樓","18.71","都市：其他:第三種住宅區。","","","1140304","土地1建物1車位0","三層","五層","華廈(10層含以下有電梯)","住家用","鋼筋混凝土造","0830516","68.99000000000001","2","2","1","有","有","16000000","231918","","0.0","0","","RPWNMLLKMHKGFCA97EA","47.25","4.43","3.06","有","","a_lvr_land_a.csv"
"中正區","房地(土地+建物)","臺北市中正區和平西路二段１２１號三樓之２","14.85","住","","","1140331","土地1建物1車位0","三層","十二層","住宅大樓(11層含以上有電梯)","其他","鋼筋混凝土造","0780627","120.30999999999999","3","2","2","有","有","28500000","236888","","0.0","0","陽台外推；其他增建；","RPSNMLMJMHKGFAA27DA","84.94","0.0","12.38","有","046","a_lvr_land_a.csv"
"文山區","房地(土地+建物)","臺北市文山區羅斯福路六段２７６巷１３號二樓","13.67","都市：其他:第三種住宅區。","","","1140328","土地1建物1車位0","二層，陽臺","四層","公寓(5樓含以下無電梯)","住家用","鋼筋混凝土造","0630919","39.33","3","2","2","有","無","4000000","101704","","0.0","0","親友、員工、共有人或其他特殊關係間之交易；","RPUNMLPKMHKGFAA87DA","39.33","0.0","0.0","無","","a_lvr_land_a.csv"
"內湖區","房地(土地+建物)","臺北市內湖區安康路３４３號","34.3","都市：其他:第三種住宅區。","","","1140324","土地1建物2車位0","一層，地下層","五層","公寓(5樓含以下無電梯)","其他","鋼筋混凝土造","0791002","229.32","1","1","1","有","無","55000000","239840","","0.0","0","親友、員工、共有人或其他特殊關係間之交易；","RPSOMLRLLHKGFCA18DA","215.94","8.2","0.0","無","","a_lvr_land_a.csv"
"內湖區","房地(土地+建物)+車位","臺北市內湖區金莊路８６號十一樓之２","40.3","都市：其他:辦公服務區(一)(不得作住宅使用)。","","","1140321","土地2建物1車位2","十一層","十四層","住宅大樓(11層含以上有電梯)","商業用","鋼筋混凝土造","0990512","263.89","4","2","2","有","有","43900000","205810","坡道平面","69.06","3800000","","RPRQMLTJMHKGFCA38DA","115.85","14.54","7.61","有","","a_lvr_land_a.csv"
"中山區","房地(土地+建物)","臺北市中山區長安東路一段５３巷１之３號地下","43.89","都市：其他:第肆種商業區(依都市計畫說明書圖規定辦理，始得作第肆種商業區使用)(原屬第參種住宅區) 但是否在道路用地(公共設施用地)(應依建築線或俟地籍測量分割後，再確定)。","","","1140319","土地1建物1車位0","地下層","七層","華廈(10層含以下有電梯)","其他","鋼筋混凝土造","0670502","180.96","0","0","0","無","有","7800000","43103","","0.0","0","親友、員工、共有人或其他特殊關係間之交易；","RPXNMLOKMHKGFCA28DA","180.96","0.0","0.0","有","","a_lvr_land_a.csv"
"松山區","房地(土地+建物)","臺北市松山區新東街１６巷４１號三樓","20.85","都市：其他:住宅用地(民生社區特定專用區)。","","","1140301","土地1建物1車位0","三層，陽臺","五層","公寓(5樓含以下無電梯)","住家用","鋼筋混凝土造","0641223","72.19","2","2","1","有","無","18550000","256961","","0.0","0","","RPVNMLKKLHKGFDA67DA","72.19","0.0","0.0","無","052","a_lvr_land_a.csv"
"南港區","房地(土地+建物)","臺北市南港區研究院路三段８６巷２７弄３號","36.56","都市：其他:第二種住宅區。","","","1140323","土地2建物1車位0","一層","四層","公寓(5樓含以下無電梯)","住家用","鋼筋混凝土造","0680731","92.36","3","2","1","有","無","15880000","171936","","0.0","0","其他增建；","RPWNMLLJMHKGFDA87DA","75.57","16.79","0.0","無","","a_lvr_land_a.csv"
"北投區","房地(土地+建物)","臺北市北投區中和街４９３巷１６弄１２號三樓","25.54","住","","","1140302","土地1建物1車位0","三層","五層","公寓(5樓含以下無電梯)","住家用","鋼筋混凝土造","0750930","87.51","2","2","1","有","無","9500000","108559","","0.0","0","其他增建；","RPTOMLNKLHKGFEA97DA","79.84","0.0","7.67","無","","a_lvr_land_a.csv"
"士林區","房地(土地+建物)","臺北市士林區東山路１３０巷６號五樓","28.83","住","","","1140315","土地1建物1車位0","五層","五層","公寓(5樓含以下無電梯)","住家用","鋼筋混凝土造","0731218","118.94","3","2","2","有","無","18000000","151337","","0.0","0","陽台加窗、頂樓加蓋遮雨鐵棚。其他增建；","RPPNMLPKLHKGFEA67DA","98.99","0.0","11.87","無","","a_lvr_land_a.csv"
"士林區","房地(土地+建物)+車位","臺北市士林區天玉街２７巷２１號五樓","21.73","住","","","1140310","土地1建物1車位1","五層","十四層","住宅大樓(11層含以上有電梯)","住家用","鋼筋混凝土造","1131001","183.72","3","1","2","有","有","35000000","190507","坡道平面","0.0","0","親友、員工、共有人或其他特殊關係間之交易；","RPRNMLLKMHKGFEA57DA","86.88","5.02","7.44","有","","a_lvr_land_a.csv"
"大安區","房地(土地+建物)","臺北市大安區信義路三段１３４巷１００號十樓","29.22","住","","","1140309","土地1建物1車位0","十層","十五層","住宅大樓(11層含以上有電梯)","住家用","鋼筋混凝土造","0750415","146.85","3","2","2","有","有","45500000","309861","","0.0","0","陽台外推；其他增建；","RPVNMLPLLHKGFFA48DA","106.46","0.55","13.23","有","053","a_lvr_land_a.csv"
"大安區","房地(土地+建物)","臺北市大安區忠孝東路四段１２６之１０號","2.01","都市：其他:第肆種商業區(依都市計畫說明書圖規定辦理，始得作第肆種商業區使用)(原屬第肆種住宅區及第貳種商業區)。","","","1140326","土地2建物1車位0","十層","十二層","住宅大樓(11層含以上有電梯)","住家用","鋼筋混凝土造","0581022","18.09","3","2","2","有","有","2200000","121614","","0.0","0","親友、員工、共有人或其他特殊關係間之交易；","RPVNMLOKMHKGFFA38DA","18.09","0.0","0.0","有","054","a_lvr_land_a.csv"
"內湖區","房地(土地+建物)","臺北市內湖區新明路２４６巷３弄１４號","6.89","都市：其他:第參種工業區(不得作住宅使用)。","","","1140326","土地1建物1車位0","一層","四層","公寓(5樓含以下無電梯)","工業用","鋼筋混凝土造","0701202","18.55","0","0","0","無","無","2800000","150943","","0.0","0","親友、員工、共有人或其他特殊關係間之交易；","RPTNMLLKMHKGFCA67EA","15.63","2.92","0.0","無","","a_lvr_land_a.csv"
"文山區","房地(土地+建物)","臺北市文山區興隆路三段１８５巷９弄９號三樓","28.34","住","","","1140302","土地7建物1車位0","三層","五層","公寓(5樓含以下無電梯)","住家用","鋼筋混凝土造","0720823","92.69999999999999","3","2","2","有","有","9750000","105178","","0.0","0","陽台外推；其他增建；","RPTNMLSKLHKGFAA97DA","69.29","0.0","14.92","無","","a_lvr_land_a.csv"
"文山區","房地(土地+建物)","臺北市文山區萬隆街１７之１號四樓","36.69","住","","","1140330","土地1建物1車位0","四層，陽臺","四層","公寓(5樓含以下無電梯)","住家用","鋼筋混凝土造","0631206","106.63","5","4","3","有","無","17500000","164119","","0.0","0","頂樓加蓋；其他增建；","RPPOMLLJMHKGFAA96DA","106.63","0.0","0.0","無","","a_lvr_land_a.csv"
"萬華區","房地(土地+建物)","臺北市萬華區青年路６８巷３弄９號十樓","26.22","住","","","1140323","土地1建物1車位0","十層","十二層","住宅大樓(11層含以上有電梯)","住家用","鋼筋混凝土造","0711027","111.82000000000001","3","2","2","有","有","22800000","203899","","0.0","0","陽台外推；其他增建；","RPPOMLSJMHKGFBA77DA","76.34","0.0","9.72","有","","a_lvr_land_a.csv"
"中正區","房地(土地+建物)+車位","臺北市中正區杭州南路一段７１巷１６號十樓","32.86","住","","","1140317","土地1建物1車位1","十層","二十層","住宅大樓(11層含以上有電梯)","住家用","鋼筋混凝土造","1120328","253.68","3","1","2","有","有","105230000","414814","坡道平面","0.0","0","政府機關標讓售；","RPRNMLQKMHKGFBA77DA","118.96","10.53","11.39","有","","a_lvr_land_a.csv"
"中山區","房地(土地+建物)","臺北市中山區新生北路二段７７巷１之１號三樓","25.88","都市：其他:第三種住宅區。","","","1140308","土地3建物1車位0","三層","四層","公寓(5樓含以下無電梯)","住家用","鋼筋混凝土造","0660905","70.37","2","1","1","有","無","15800000","224527","","0.0","0","天井增建陽台外推；其他增建；","RPOPMLLKMHKGFCA27DA","60.52","0.0","9.85","無","","a_lvr_land_a.csv"
"內湖區","房地(土地+建物)","臺北市內湖區康寧路一段１５６巷２０弄２０號二樓","43.5","都市：其他:第二種住宅區。","","","1140313","土地1建物1車位0","二層","四層","公寓(5樓含以下無電梯)","住家用","鋼筋混凝土造","0661229","84.68","3","1","1","有","無","6510000","76878","","0.0","0","親友、員工、共有人或其他特殊關係間之交易；","RPRPMLLKMHKGFCA57DA","73.07","0.0","11.61","無","","a_lvr_land_a.csv"
"中山區","房地(土地+建物)","臺北市中山區八德路二段８２號四樓","16.12","都市：其他:第三之一種住宅區(特)。","","","1140327","土地1建物1車位0","四層","四層","公寓(5樓含以下無電梯)","住家用","鋼筋混凝土造","0640326","47.95","2","1","1","有","無","9800000","204380","","0.0","0","親友、員工、共有人或其他特殊關係間之交易；頂樓加蓋；","RPSOMLOKMHKGFCA87DA","43.95","0.0","4.0","無","","a_lvr_land_a.csv"
"中山區","房地(土地+建物)","臺北市中山區建國北路一段２３巷５３號二樓之２","12.1","都市：其他:第三種住宅區。","","","1140326","土地1建物1車位0","二層","八層","華廈(10層含以下有電梯)","住家用","鋼筋混凝土造","0830304","36.17","1","1","1","有","無","10260000","283660","","0.0","0","","RPVPMLOKMHKGFCA28DA","23.3","0.0","0.0","有","059","a_lvr_land_a.csv"
"中山區","房地(土地+建物)","臺北市中山區新生北路三段６１號四樓之２８","5.81","都市：其他:第三之二種住宅區(依都市計畫說明書圖規定辦理)及第三種住宅區。","","","1140329","土地4建物1車位0","四層","九層","華廈(10層含以下有電梯)","住家用","鋼筋混凝土造","0650907","40.45","1","1","1","有","有","9930000","245488","","0.0","0","陽台外推；","RPXPMLOKMHKGFCA48DA","30.24","0.0","4.53","有","060","a_lvr_land_a.csv"
"內湖區","房地(土地+建物)","臺北市內湖區康寧路三段９９巷３９弄１９號二樓之２","34.69","都市：其他:第三種住宅區。","","","1140301","土地1建物1車位0","二層","六層","華廈(10層含以下有電梯)","住家用","鋼筋混凝土造","0840508","128.56","3","2","2","有","有","25750000","200296","","0.0","0","","RPRQMLOKMHKGFCA97DA","82.71","1.14","11.06","有","","a_lvr_land_a.csv"
"松山區","房地(土地+建物)","臺北市松山區三民路１０１巷１１號二樓","28.25","都市：其他:住宅用地(民生社區特定專用區)。","","","1140314","土地1建物1車位0","二層，陽臺","四層","公寓(5樓含以下無電梯)","住家用","鋼筋混凝土造","0630614","78.45","3","2","1","有","無","21800000","277884","","0.0","0","","RPRNMLPKLHKGFDA77DA","78.45","0.0","0.0","無","061","a_lvr_land_a.csv"
"南港區","房地(土地+建物)+車位","臺北市南港區三重路４１巷２７號十二樓","16.46","住","","","1140310","土地1建物1車位1","十二層","十三層","住宅大樓(11層含以上有電梯)","住家用","鋼筋混凝土造","1111129","114.38","2","2","1","有","有","32000000","322928","坡道機械","21.48","2000000","","RPUOMLQLLHKGFDA38DA","55.1","0.0","4.86","有","062","a_lvr_land_a.csv"
"松山區","房地(土地+建物)","臺北市松山區健康路１８９號","15.77","住","","","1140309","土地2建物1車位0","一層","十二層","住宅大樓(11層含以上有電梯)","商業用","鋼筋混凝土造","0811028","84.42","0","1","1","有","有","28000000","331675","","0.0","0","其他增建；","RPPNMLOKMHKGFDA57DA","62.94","0.0","0.0","有","","a_lvr_land_a.csv"
"士林區","房地(土地+建物)","臺北市士林區大南路４２８巷３６號","36.0","住","","","1140316","土地1建物1車位0","一層","二層","公寓(5樓含以下無電梯)","住家用","加強磚造","0560201","52.62","2","1","1","有","無","10750000","204295","","0.0","0","","RPTNMLSLLHKGFEA48DA","52.62","0.0","0.0","無","","a_lvr_land_a.csv"
"北投區","房地(土地+建物)","臺北市北投區懷德街１１巷１６號四樓","46.5","住","","","1140312","土地1建物1車位0","四層","四層","公寓(5樓含以下無電梯)","住家用","鋼筋混凝土造","0661008","97.6","3","2","1","有","無","21000000","215164","","0.0","0","頂樓加蓋；","RPUNMLLKMHKGFEA87DA","86.98","0.0","10.62","無","","a_lvr_land_a.csv"
"大安區","房地(土地+建物)","臺北市大安區羅斯福路二段１１７巷６之１號","28.67","住","","","1140315","土地1建物1車位0","二層","三層","公寓(5樓含以下無電梯)","","加強磚造","","73.95","3","2","2","有","無","19000000","256930","","0.0","0","","RPTNMLRJMHKGFFA38DA","73.95","0.0","0.0","無","","a_lvr_land_a.csv"
"大安區","房地(土地+建物)","臺北市大安區敦化南路一段１９０巷５號三樓","39.25","都市：其他:敦化南北路特定專用區(A區)(依都市計畫說明書圖規定辦理)(原屬第肆之壹種住宅區)。","","","1140306","土地1建物1車位0","三層","四層","公寓(5樓含以下無電梯)","","加強磚造","","94.11","3","1","1","有","無","41000000","435660","","0.0","0","具重建或重劃、都更等效益；","RPQNMLLKMHKGFFA57DA","94.11","0.0","0.0","無","","a_lvr_land_a.csv"
"萬華區","房地(土地+建物)","臺北市萬華區西藏路２５４號三樓","29.8","住","","","1140303","土地1建物1車位0","三層","五層","公寓(5樓含以下無電梯)","住家用","鋼筋混凝土造","0670106","97.83","3","2","2","有","無","8800000","89952","","0.0","0","親友、員工、共有人或其他特殊關係間之交易；","RPPNMLPKMHKGFBA57EA","91.71","0.0","6.12","無","","a_lvr_land_a.csv"
"北投區","房地(土地+建物)","臺北市北投區行義路１５４巷９號地下一層","22.33","都市：其他:第二種住宅區。","","","1140305","土地2建物1車位0","地下一層","八層","華廈(10層含以下有電梯)","商業用","鋼筋混凝土造","0700921","124.28","3","2","2","有","有","10000000","80463","","0.0","0","親友、員工、共有人或其他特殊關係間之交易；","RPPNMLQKMHKGFEA97EA","117.0","0.0","0.0","有","","a_lvr_land_a.csv"
"文山區","房地(土地+建物)","臺北市文山區指南路三段９３號七樓","13.97","住","","","1140322","土地1建物1車位0","七層","十一層","住宅大樓(11層含以上有電梯)","住家用","鋼筋混凝土造","1030513","61.45","1","1","1","有","有","10200000","165989","","0.0","0","親友、員工、共有人或其他特殊關係間之交易；夾層；其他增建；","RPRNMLPKMHKGFAA57DA","33.99","5.31","2.63","有","067","a_lvr_land_a.csv"
"萬華區","房地(土地+建物)","臺北市萬華區武成街７６巷１５號四樓","36.37","住","","","1140307","土地1建物1車位0","四層","六層","華廈(10層含以下有電梯)","住家用","鋼筋混凝土造","0921028","110.77","3","2","1","有","無","19000000","171527","","0.0","0","陽台外推；","RPUNMLPKMHKGFBA97DA","62.59","0.0","8.71","有","069","a_lvr_land_a.csv"
"內湖區","房地(土地+建物)","臺北市內湖區星雲街３３巷２５弄２號二樓","55.27","都市：其他:第三種住宅區。","","","1140319","土地1建物1車位0","二層","五層","公寓(5樓含以下無電梯)","住家用","鋼筋混凝土造","0770613","165.84","5","1","2","有","有","26000000","156778","","0.0","0","陽台外推；","RPOPMLLJMHKGFCA17DA","129.24","4.87","14.14","無","070","a_lvr_land_a.csv"
"信義區","房地(土地+建物)+車位","臺北市信義區信義路五段１５０巷１２號七樓","74.66","住","","","1140307","土地1建物1車位3","七層","十三層","住宅大樓(11層含以上有電梯)","住家用","鋼骨造","1060210","530.95","0","2","4","有","有","202880000","438956","坡道平面","96.1","12000000","","RPRNMLMJMHKGFDA47DA","230.95","12.73","39.02","有","071","a_lvr_land_a.csv"
"松山區","房地(土地+建物)","臺北市松山區民權東路三段１４２號九樓之５","6.12","住","","","1140323","土地2建物1車位0","九層","十五層","住宅大樓(11層含以上有電梯)","住家用","鋼筋混凝土造","0730915","54.79","0","0","0","無","有","4200000","76656","","0.0","0","親友、員工、共有人或其他特殊關係間之交易；","RPPNMLLKMHKGFDA27DA","37.07","0.0","3.98","有","","a_lvr_land_a.csv"
"士林區","房地(土地+建物)","臺北市士林區葫蘆街５４巷９弄５號","34.0","住","","","1140313","土地1建物1車位0","一層","四層","公寓(5樓含以下無電梯)","住家用","鋼筋混凝土造","0670117","92.93","3","1","1","有","無","16000000","172173","","0.0","0","","RPPNMLQKMHKGFEA87DA","81.17","11.76","0.0","無","","a_lvr_land_a.csv"
"大安區","房地(土地+建物)","臺北市大安區溫州街５２巷１１號","34.98","都市：其他:第三種住宅區。","","","1140307","土地1建物1車位0","一層","六層","華廈(10層含以下有電梯)","住家用","鋼筋混凝土造","0740816","148.67","3","2","2","有","有","52300000","351786","","0.0","0","其他增建；","RPSOMLSJMHKGFFA48DA","107.47","16.05","0.0","有","","a_lvr_land_a.csv"
"大安區","房地(土地+建物)+車位","臺北市大安區安和路二段９２號九樓之３","21.4","都市：其他:第三種住宅區。","","","1140304","土地2建物1車位1","九層","二十五層","住宅大樓(11層含以上有電梯)","住家用","鋼筋混凝土造","0780810","242.77","3","2","2","有","有","69000000","314755","坡道平面","36.26","4000000","","RPSNMLPKMHKGFFA18DA","146.61","0.0","30.21","有","","a_lvr_land_a.csv"
"萬華區","房地(土地+建物)","臺北市萬華區國興路１巷８號八樓之２","15.97","住","","","1140322","土地1建物1車位0","八層","十二層","住宅大樓(11層含以上有電梯)","住家用","鋼筋混凝土造","0710702","60.36","3","1","1","有","無","3400000","56329","","0.0","0","親友、員工、共有人或其他特殊關係間之交易；","RPQNMLRKMHKGFBA87EA","42.12","0.0","3.57","有","","a_lvr_land_a.csv"
"北投區","房地(土地+建物)","臺北市北投區實踐街４８巷６號二樓","26.25","住","","","1140319","土地2建物1車位0","二層，陽臺","四層","公寓(5樓含以下無電梯)","住家用","鋼筋混凝土造","0651029","59.7","1","1","1","有","無","12500000","209380","","0.0","0","親友、員工、共有人或其他特殊關係間之交易；陽台外推；","RPWNMLRJLHKGFEA58EA","59.7","0.0","0.0","無","","a_lvr_land_a.csv"
"士林區","房地(土地+建物)","臺北市士林區士東路９１巷１０號一樓","12.68","住","","","1140330","土地1建物1車位0","一層","七層","華廈(10層含以下有電梯)","住家用","鋼筋混凝土造","0750804","64.72","0","3","1","有","有","10910000","168598","","0.0","0","親友、員工、共有人或其他特殊關係間之交易；","RPPNMLRKMHKGFEA08EA","53.37","6.42","0.0","有","","a_lvr_land_a.csv"
"文山區","房地(土地+建物)","臺北市文山區興隆路三段２０７巷１４弄８號二樓","24.12","住","","","1140224","土地1建物1車位0","二層","五層","公寓(5樓含以下無電梯)","住家用","鋼筋混凝土造","0730830","92.4","3","2","1","有","有","12000000","129870","","0.0","0","","RPXNMLOKLHKGFAA97DA","68.53","0.0","14.11","無","","a_lvr_land_a.csv"
"中正區","房地(土地+建物)+車位","臺北市中正區信義路一段１３之１號十一樓","38.51","住","","","1140213","土地3建物1車位1","十一層","十二層","住宅大樓(11層含以上有電梯)","住家用","鋼筋混凝土造","0850529","174.48000000000002","4","2","2","有","有","71580000","410248","坡道平面","0.0","0","依建物謄本標示部，車位面積無法概算陽台外推；其他增建；","RPQOMLOKLHKGFBA47DA","116.22","0.81","12.49","有","","a_lvr_land_a.csv"
"中山區","房地(土地+建物)","臺北市中山區民族東路２２４號二樓","39.67","住","","","1140210","土地2建物1車位0","二層","三層","公寓(5樓含以下無電梯)","住家用","加強磚造","0591109","87.75","3","2","1","有","無","15000000","170940","","0.0","0","其他增建；","RPQNMLLKLHKGFCA17DA","87.75","0.0","0.0","無","","a_lvr_land_a.csv"
"士林區","房地(土地+建物)+車位","臺北市士林區中山北路七段１８１巷６之１號","143.96","住","","","1140212","土地1建物1車位2","一層，二層","五層","華廈(10層含以下有電梯)","住家用","鋼筋混凝土造","0951226","376.74","3","2","3","有","有","95800000","304650","坡道平面","88.54","8000000","雨遮加蓋、空地加蓋陽台外推；其他增建；","RPWNMLMKKHKGFEA97DA","172.87","8.85","18.54","有","077","a_lvr_land_a.csv"
"士林區","房地(土地+建物)","臺北市士林區天母西路４１巷７號三樓","45.0","住","","","1140225","土地1建物1車位0","三層","五層","公寓(5樓含以下無電梯)","住家用","鋼筋混凝土造","0660204","152.16","4","1","3","有","無","29000000","190589","","0.0","0","陽台外推；其他增建；","RPPPMLRLKHKGFEA08DA","136.88","0.0","15.28","無","078","a_lvr_land_a.csv"
"大安區","房地(土地+建物)","臺北市大安區四維路１９８巷４１號二樓之２","8.31","住","","","1140211","土地1建物1車位0","二層","十九層","住宅大樓(11層含以上有電梯)","商業用","鋼筋混凝土造","0740522","50.34","0","0","0","無","有","10480000","208184","","0.0","0","","RPTNMLOLLHKGFFA18DA","29.74","0.0","0.0","有","079","a_lvr_land_a.csv"
"大安區","房地(土地+建物)","臺北市大安區通化街１９０巷１號二樓之２","3.4","住","","","1140221","土地1建物1車位0","二層","六層","華廈(10層含以下有電梯)","住家用","鋼筋混凝土造","0860130","13.89","1","1","1","有","有","2650000","190785","","0.0","0","親友、員工、共有人或其他特殊關係間之交易；","RPSNMLSJMHKGFFA38DA","7.33","0.56","1.99","有","080","a_lvr_land_a.csv"
"松山區","房地(土地+建物)+車位","臺北市松山區八德路二段４３７巷６弄７之１號十二樓","22.62","住","","","1140227","土地1建物1車位1","十二層","十二層","住宅大樓(11層含以上有電梯)","住家用","鋼骨鋼筋混凝土造","0911030","108.99000000000001","4","2","2","有","有","16000000","146802","坡道平面","0.0","0","親友、員工、共有人或其他特殊關係間之交易；","RPRPMLLLLHKGFDA77EA","55.2","0.0","7.29","有","081","a_lvr_land_a.csv"
"中正區","房地(土地+建物)+車位","臺北市中正區牯嶺街１２６號三樓之３","24.28","都市：其他:第三種住宅區。","","","1140218","土地1建物1車位1","三層","十四層","住宅大樓(11層含以上有電梯)","住家用","鋼筋混凝土造","1130709","219.13","4","2","2","有","有","58800000","306442","坡道平面","37.04","3000000","","RPVNMLNKLHKGFAA67DA","97.02","15.51","7.64","有","082","a_lvr_land_a.csv"
"萬華區","房地(土地+建物)","臺北市萬華區和平西路三段３０９巷１５弄２７號三樓","27.68","住","","","1140225","土地2建物1車位0","三層","四層","公寓(5樓含以下無電梯)","住家用","加強磚造","0600908","79.81","2","1","1","有","無","10350000","129683","","0.0","0","","RPPNMLKKMHKGFBA96DA","75.38","0.0","4.43","無","","a_lvr_land_a.csv"
"中山區","房地(土地+建物)","臺北市中山區北安路５７３巷２弄１０號","30.55","都市：其他:第三種住宅區。","","","1140228","土地3建物1車位0","一層","四層","公寓(5樓含以下無電梯)","住家用","加強磚造","0590911","69.11","3","2","1","有","無","25200000","364636","","0.0","0","包含公共設施保留地用地；","RPTNMLNJLHKGFCA57DA","69.11","0.0","0.0","無","","a_lvr_land_a.csv"
"內湖區","房地(土地+建物)","臺北市內湖區陽光街９２巷１４弄８號三樓","25.24","都市：其他:第三種住宅區。","","","1140217","土地2建物1車位0","三層","五層","公寓(5樓含以下無電梯)","住家用","鋼筋混凝土造","0711224","79.92","2","2","2","有","無","18200000","227728","","0.0","0","陽台外推；其他增建；","RPRNMLQJLHKGFCA67DA","70.91","0.0","9.01","無","085","a_lvr_land_a.csv"
"內湖區","房地(土地+建物)+車位","臺北市內湖區五分街９６號十樓","17.43","都市：其他:第三種住宅區。","","","1140220","土地1建物1車位1","十層","十二層","住宅大樓(11層含以上有電梯)","住家用","鋼筋混凝土造","1110113","124.56","2","2","1","有","有","27500000","269107","坡道平面","31.66","2500000","","RPTOMLKLLHKGFCA57DA","54.56","1.73","5.69","有","086","a_lvr_land_a.csv"
"內湖區","房地(土地+建物)","臺北市內湖區南京東路六段４５１巷５７號九樓之５","14.72","都市：其他:辦公服務區(一)(不得作住宅使用)。","","","1140223","土地1建物1車位0","九層","十四層","住宅大樓(11層含以上有電梯)","商業用","鋼筋混凝土造","0971205","84.72","2","2","1","有","有","21380000","252361","","0.0","0","","RPXOMLSJMHKGFCA68DA","48.1","4.49","5.02","有","","a_lvr_land_a.csv"
"北投區","房地(土地+建物)+車位","臺北市北投區北投路一段８３號十二樓之１","16.43","住","","","1140221","土地2建物1車位1","十二層","十三層","住宅大樓(11層含以上有電梯)","住家用","鋼筋混凝土造","0981103","122.47999999999999","2","2","2","有","有","26500000","216344","升降機械","14.34","0","陽台外推；夾層；","RPRNMLKKMHKGFEA47DA","62.81","8.77","5.92","有","","a_lvr_land_a.csv"
"北投區","房地(土地+建物)","臺北市北投區大興街９巷１５號二樓","27.51","住","","","1140227","土地1建物1車位0","二層","五層","公寓(5樓含以下無電梯)","住家用","鋼筋混凝土造","0720608","87.45","3","2","2","有","無","8000000","91481","","0.0","0","親友、員工、共有人或其他特殊關係間之交易；","RPUNMLNKMHKGFEA08DA","77.01","0.92","7.88","無","","a_lvr_land_a.csv"
"大同區","房地(土地+建物)","臺北市大同區伊寧街７５巷２３號五樓","17.12","住","","","1140203","土地1建物1車位0","五層","五層","公寓(5樓含以下無電梯)","住家用","鋼筋混凝土造","0721007","63.78","3","1","1","有","無","5000000","78394","","0.0","0","親友、員工、共有人或其他特殊關係間之交易；頂樓加蓋；","RPPNMLKKMHKGFBA07EA","53.74","10.04","0.0","無","","a_lvr_land_a.csv"
"松山區","房地(土地+建物)","臺北市松山區健康路５８巷１３號三樓","26.51","住","","","1140224","土地2建物1車位0","三層","五層","公寓(5樓含以下無電梯)","住家用","鋼筋混凝土造","0700115","91.64","3","2","1","有","無","23000000","250982","","0.0","0","陽台外推；其他增建；","RPPNMLTJMHKGFDA08EA","77.35","0.0","14.29","無","","a_lvr_land_a.csv"
"士林區","房地(土地+建物)","臺北市士林區士東路８９巷１７號五樓","30.07","住","","","1140227","土地1建物1車位0","五層","五層","公寓(5樓含以下無電梯)","住家用","鋼筋混凝土造","0670601","104.81","3","2","2","有","無","22100000","210858","","0.0","0","陽台外推；其他增建；","RPSNMLKKMHKGFEA67EA","66.57","17.04","21.2","無","089","a_lvr_land_a.csv"
"中正區","房地(土地+建物)","臺北市中正區林森南路１３５號二樓","22.67","都市：其他:第三種住宅區。","","","1140212","土地1建物1車位0","二層","七層","華廈(10層含以下有電梯)","住家用","鋼筋混凝土造","0820714","118.46000000000001","1","2","1","有","有","30300000","255783","","0.0","0","其他增建；","RPVNMLSLLHKGFAA28DA","92.8","1.59","10.36","有","","a_lvr_land_a.csv"
"萬華區","房地(土地+建物)","臺北市萬華區寶興街１８３號二樓","18.0","住","","","1140228","土地1建物1車位0","二層","四層","公寓(5樓含以下無電梯)","住家用","鋼筋混凝土造","0650517","62.95","3","1","1","有","無","10800000","171565","","0.0","0","陽台外推；其他增建；","RPSNMLRJLHKGFBA77DA","51.2","0.0","11.75","無","","a_lvr_land_a.csv"
"中正區","房地(土地+建物)+車位","臺北市中正區仁愛路一段２３巷１２號六樓之１","21.32","住","","","1140227","土地1建物1車位1","六層","九層","華廈(10層含以下有電梯)","住家用","鋼筋混凝土造","1030730","125.96000000000001","1","2","1","有","有","40380000","320578","坡道平面","0.0","3500000","其他增建；","RPVNMLSJMHKGFBA28DA","51.52","0.0","0.0","有","090","a_lvr_land_a.csv"
"內湖區","房地(土地+建物)+車位","臺北市內湖區康樂街１３６巷１８弄２９號十一樓","16.15","都市：其他:第三種住宅區。","","","1140214","土地1建物1車位1","十一層","十四層","住宅大樓(11層含以上有電梯)","住家用","鋼筋混凝土造","1020625","119.54","2","2","1","有","有","27050000","250605","坡道機械","20.38","2200000","","RPQNMLTKLHKGFCA97DA","67.04","0.0","7.97","有","093","a_lvr_land_a.csv"
"中山區","房地(土地+建物)","臺北市中山區通北街６５巷４號二樓","43.2","住","","","1140218","土地2建物1車位0","二層","九層","華廈(10層含以下有電梯)","住家用","鋼筋混凝土造","0831008","163.75","4","2","2","有","有","29000000","177099","","0.0","0","其他增建；","RPPOMLRJMHKGFCA77DA","115.63","0.0","14.42","有","","a_lvr_land_a.csv"
"內湖區","房地(土地+建物)+車位","臺北市內湖區金豐街５２號五樓","20.13","都市：其他:工商混合區(不得作住宅使用)。","","","1140226","土地1建物1車位1","五層","十層","華廈(10層含以下有電梯)","商業用","鋼筋混凝土造","0991124","112.36","0","0","0","無","有","17660000","157173","坡道平面","36.65","0","","RPQNMLSJMHKGFCA87DA","45.39","0.77","5.04","有","094","a_lvr_land_a.csv"
"內湖區","房地(土地+建物)+車位","臺北市內湖區民權東路六段２８０巷４５弄３９號三樓之１","15.51","都市：其他:第三種住宅區。","","","1140223","土地1建物1車位1","三層","七層","華廈(10層含以下有電梯)","住家用","鋼筋混凝土造","0831221","57.870000000000005","2","2","1","有","有","11550000","199585","升降機械","0.0","1500000","陽台外推；夾層；","RPTQMLTJMHKGFCA58DA","22.91","0.0","4.28","有","095","a_lvr_land_a.csv"
"中山區","房地(土地+建物)","臺北市中山區興安街１００號三樓之４","16.19","住","","","1140214","土地1建物1車位0","三層","十四層","住宅大樓(11層含以上有電梯)","住家用","鋼筋混凝土造","0750609","84.7","2","2","1","有","有","24800000","292798","","0.0","0","陽台外推；","RPQOMLLKMHKGFCA37DA","65.97","0.0","5.58","有","","a_lvr_land_a.csv"
"南港區","房地(土地+建物)+車位","臺北市南港區東明街４３號五樓之２","27.91","住","","","1140227","土地1建物1車位1","五層","十三層","住宅大樓(11層含以上有電梯)","住家用","鋼筋混凝土造","1121012","175.05","3","2","2","有","有","48660000","335128","坡道平面","37.61","2600000","","RPROMLQLLHKGFDA08DA","84.31","0.0","5.59","有","","a_lvr_land_a.csv"
"南港區","房地(土地+建物)","臺北市南港區研究院路一段１５１巷２０號二樓","31.33","住","","","1140216","土地1建物1車位0","二層，陽臺","四層","公寓(5樓含以下無電梯)","住家用","鋼筋混凝土造","0640103","95.78","3","2","1","有","無","18500000","193151","","0.0","0","陽台外推；其他增建；","RPQNMLRJMHKGFDA87DA","95.78","0.0","0.0","無","097","a_lvr_land_a.csv"
"北投區","房地(土地+建物)+車位","臺北市北投區中和街４９３巷１１弄３５號六樓之２","24.72","住","","","1140227","土地3建物1車位1","六層","七層","華廈(10層含以下有電梯)","住家用","鋼筋混凝土造","0971110","107.72","2","2","1","有","有","18800000","178328","坡道機械","12.39","1800000","陽台外推；其他增建；","RPOPMLRLKHKGFEA97DA","64.9","1.84","6.73","有","","a_lvr_land_a.csv"
"大安區","房地(土地+建物)+車位","臺北市大安區敦化南路二段１１巷２１號十二樓","44.87","都市：其他:敦化南北路特定專用區(A區)(依都市計畫說明書圖規定辦理)(原屬第參種住宅區)。","","","1140227","土地2建物1車位2","十二層","十二層","住宅大樓(11層含以上有電梯)","住家用","鋼骨鋼筋混凝土造","1040603","395.9","2","2","3","有","有","170000000","429401","坡道平面","0.0","0","","RPTNMLQLLHKGFFA38DA","158.85","0.0","31.09","有","098","a_lvr_land_a.csv"
"大安區","房地(土地+建物)","臺北市大安區復興南路二段１２５巷２０弄２號五樓","24.3","住","","","1140215","土地1建物1車位0","五層，陽臺","五層","公寓(5樓含以下無電梯)","住家用","鋼筋混凝土造","0650117","94.23","3","1","2","有","無","24850000","263716","","0.0","0","陽台外推；其他增建；","RPQNMLKKMHKGFFA47DA","94.23","0.0","0.0","無","099","a_lvr_land_a.csv"
"中山區","房地(土地+建物)+車位","臺北市中山區復興北路２２６號十樓之１","13.68","都市：其他:第三種住宅區。","","","1140226","土地1建物1車位1","十層","十四層","住宅大樓(11層含以上有電梯)","住家用","鋼筋混凝土造","0750314","126.32000000000001","3","2","2","有","有","17500000","138537","坡道平面","0.0","0","車位無固定位置親友、員工、共有人或其他特殊關係間之交易；","RPUNMLLKMHKGFCA77EA","93.02","0.21","6.51","有","101","a_lvr_land_a.csv"
"中山區","房地(土地+建物)+車位","臺北市中山區復興北路２２６號十樓之１","13.68","都市：其他:第三種住宅區。","","","1140226","土地1建物1車位1","十層","十四層","住宅大樓(11層含以上有電梯)","住家用","鋼筋混凝土造","0750314","126.32000000000001","3","2","2","有","有","17500000","138537","坡道平面","0.0","0","車位，無固定位置親友、員工、共有人或其他特殊關係間之交易；","SPUNMLLKMHKGFCA87EA","93.02","0.21","6.51","有","101","a_lvr_land_a.csv"
"萬華區","房地(土地+建物)","臺北市萬華區環河南路二段２６８號二樓","14.75","住","","","1140219","土地1建物1車位0","二層","四層","公寓(5樓含以下無電梯)","住家用","加強磚造","0581219","43.6","1","1","1","有","無","2800000","64220","","0.0","0","親友、員工、共有人或其他特殊關係間之交易；","RPRNMLOKMHKGFBA57DA","43.6","0.0","0.0","無","","a_lvr_land_a.csv"
"內湖區","房地(土地+建物)","臺北市內湖區金龍路２０１號四樓","20.56","都市：其他:第三種住宅區。","","","1140218","土地2建物1車位0","四層","五層","公寓(5樓含以下無電梯)","住家用","鋼筋混凝土造","0730125","87.87","3","2","1","有","無","15500000","176397","","0.0","0","陽台外推；其他增建；","RPRNMLOLLHKGFCA67DA","69.95","0.0","7.63","無","104","a_lvr_land_a.csv"
"中山區","房地(土地+建物)","臺北市中山區新生北路二段１３７巷４６號二樓","36.25","都市：其他:第三種住宅區。","","","1140208","土地1建物1車位0","二層","四層","公寓(5樓含以下無電梯)","住家用","加強磚造","0560522","110.76","3","2","2","有","無","21780000","196641","","0.0","0","其他增建；","RPSNMLMJMHKGFCA47DA","110.76","0.0","0.0","無","","a_lvr_land_a.csv"
"內湖區","房地(土地+建物)+車位","臺北市內湖區成功路三段７６巷２９號六樓","26.84","都市：其他:第參種商業區(依都市計畫說明書圖規定辦理，始得作第參種商業區使用)(原屬第參之壹種住宅區)。","","","1140213","土地2建物1車位1","六層","九層","華廈(10層含以下有電梯)","住家用","鋼筋混凝土造","1020130","184.38","1","2","1","有","有","40680000","278451","升降平面","49.06","3000000","其他增建；","RPXNMLLKMHKGFCA97DA","78.09","5.29","7.61","有","105","a_lvr_land_a.csv"
"南港區","房地(土地+建物)+車位","臺北市南港區重陽路１２５巷３６弄３０號四樓之２","19.98","住","","","1140227","土地1建物1車位1","四層","八層","華廈(10層含以下有電梯)","住家用","鋼筋混凝土造","0970122","97.24","2","2","1","有","有","22500000","231386","坡道機械","24.91","0","夾層；其他增建；","RPTOMLTKLHKGFDA48DA","46.5","5.03","3.95","有","106","a_lvr_land_a.csv"
"信義區","房地(土地+建物)","臺北市信義區吳興街５００巷１１號五樓","24.61","住","","","1140212","土地1建物1車位0","五層","五層","公寓(5樓含以下無電梯)","住家用","鋼筋混凝土造","0780123","93.02","3","2","2","有","無","16880000","181466","","0.0","0","陽台外推；","RPXNMLPLLHKGFDA48DA","74.39","1.39","8.77","無","108","a_lvr_land_a.csv"
"北投區","房地(土地+建物)+車位","臺北市北投區稻香路２４３號","54.87","住","","","1140224","土地1建物1車位1","一層","五層","華廈(10層含以下有電梯)","住家用","鋼筋混凝土造","1101015","136.10999999999999","2","1","1","有","有","25680000","246613","坡道平面","40.9","2200000","","RPTOMLOKMHKGFEA18DA","55.51","0.0","6.5","有","","a_lvr_land_a.csv"
"大安區","房地(土地+建物)","臺北市大安區敦化南路一段１８７巷３７號五樓之７","13.32","都市：其他:第四種住宅區。","","","1140224","土地1建物1車位0","五層，六層","八層","華廈(10層含以下有電梯)","住家用","鋼筋混凝土造","0840809","55.48","1","1","2","有","有","22600000","407354","","0.0","0","陽台外推；夾層；其他增建；","RPXUMLQJLHKGFFA66DA","38.7","0.83","3.8","有","109","a_lvr_land_a.csv"
"大安區","房地(土地+建物)","臺北市大安區安居街９７號二樓","12.1","都市：其他:第三種住宅區。","","","1140212","土地1建物1車位0","二層，陽臺","五層","公寓(5樓含以下無電梯)","住家用","鋼筋混凝土造","0660111","41.31","2","1","1","有","無","9500000","229969","","0.0","0","陽台外推；其他增建；","RPPNMLKKLHKGFFA27DA","41.31","0.0","0.0","無","","a_lvr_land_a.csv"
"大安區","房地(土地+建物)","臺北市大安區通化街２６７巷５號二樓之４","17.67","都市：其他:第三種住宅區。","","","1140222","土地1建物2車位0","二層","七層","華廈(10層含以下有電梯)","住家用","鋼筋混凝土造","0710630","86.39","3","2","2","有","有","27900000","322954","","0.0","0","陽台外推；其他增建；","RPSNMLRKLHKGFFA28DA","61.79","0.0","7.59","有","110","a_lvr_land_a.csv"
"北投區","房地(土地+建物)","臺北市北投區奇岩路６之３號六樓","10.42","住","","","1140205","土地1建物1車位0","六層","六層","華廈(10層含以下有電梯)","住家用","鋼筋混凝土造","0701124","64.68","2","1","1","有","無","7450000","115182","","0.0","0","親友、員工、共有人或其他特殊關係間之交易；","RPPNMLPKMHKGFEA87EA","46.41","0.0","4.84","有","","a_lvr_land_a.csv"
"文山區","房地(土地+建物)","臺北市文山區興隆路一段２５８號五樓","7.42","住","","","1140227","土地1建物1車位0","五層","九層","華廈(10層含以下有電梯)","住家用","鋼筋混凝土造","0970131","43.15","1","0","1","有","有","10980000","254461","","0.0","0","陽台外推；其他增建；","RPTNMLRJLHKGFAA77DA","22.72","5.89","2.03","有","112","a_lvr_land_a.csv"
"中正區","房地(土地+建物)","臺北市中正區和平西路一段１４７號十一樓","18.96","住","","","1140228","土地1建物1車位0","十一層","十二層","住宅大樓(11層含以上有電梯)","住家用","鋼筋混凝土造","0771123","154.37","4","2","2","有","有","40700000","263652","","0.0","0","陽台外推；其他增建；","RPRNMLTKLHKGFAA87DA","130.98","2.29","13.01","有","","a_lvr_land_a.csv"
"文山區","房地(土地+建物)","臺北市文山區福興路６３巷９號四樓之２","9.34","住","","","1140219","土地2建物1車位0","四層","五層","公寓(5樓含以下無電梯)","住家用","鋼筋混凝土造","0830530","36.64","1","1","1","有","無","5800000","158297","","0.0","0","陽台外推；","RPQNMLPKMHKGFAA47DA","23.21","0.0","3.08","無","113","a_lvr_land_a.csv"
"中山區","房地(土地+建物)","臺北市中山區建國北路二段１１６巷８號三樓","46.0","都市：其他:第三種住宅區。","","","1140221","土地1建物1車位0","三層","七層","華廈(10層含以下有電梯)","住家用","鋼筋混凝土造","0730716","231.56","4","2","3","有","有","51000000","220245","","0.0","0","其他增建；","RPQNMLMJLHKGFCA17DA","156.55","0.0","30.8","有","","a_lvr_land_a.csv"
"內湖區","房地(土地+建物)","臺北市內湖區南京東路六段３５０之３號九樓之２","7.13","都市：其他:第參種工業區(不得作住宅使用)。","","","1140228","土地1建物1車位0","九層","十二層","住宅大樓(11層含以上有電梯)","商業用","鋼筋混凝土造","0970407","43.010000000000005","1","1","1","有","有","10080000","234364","","0.0","0","夾層；其他增建；","RPVNMLOKLHKGFCA97DA","26.63","0.0","1.31","有","115","a_lvr_land_a.csv"
"內湖區","房地(土地+建物)+車位","臺北市內湖區陽光街９２巷７弄２２號","51.34","都市：其他:第三種住宅區。","","","1140219","土地1建物1車位1","一層","八層","華廈(10層含以下有電梯)","住家用","鋼筋混凝土造","0801111","193.60999999999999","3","2","2","有","有","43800000","226228","坡道平面","0.0","0","本案之增建或佔用範圍，包含陽台部分。其他增建；","RPPNMLMLLHKGFCA27DA","126.5","9.73","0.0","有","","a_lvr_land_a.csv"
"內湖區","房地(土地+建物)","臺北市內湖區成功路二段１１５巷７號九樓","34.98","都市：其他:第三種住宅區。","","","1140226","土地1建物1車位0","九層","十一層","住宅大樓(11層含以上有電梯)","住家用","鋼筋混凝土造","1110510","198.28","4","2","2","有","有","26800000","135162","","0.0","0","本案為都市更新案件之現地安置戶。","RPUNMLPKMHKGFCA08DA","112.45","17.11","14.09","有","","a_lvr_land_a.csv"
"信義區","房地(土地+建物)","臺北市信義區忠孝東路五段７８３號五樓","17.52","住","","","1140215","土地1建物1車位0","五層","七層","華廈(10層含以下有電梯)","住家用","鋼筋混凝土造","0760511","99.89","3","2","2","有","無","24800000","248273","","0.0","0","陽台外推；","RPPNMLKKLHKGFDA07DA","81.93","0.42","12.02","有","","a_lvr_land_a.csv"
"松山區","房地(土地+建物)","臺北市松山區光復南路４６巷２８號二樓","49.25","住","","","1140225","土地1建物1車位0","二層，陽臺","四層","公寓(5樓含以下無電梯)","住家用","鋼筋混凝土造","0611213","147.33","4","2","2","有","無","34300000","232811","","0.0","0","陽台外推；其他增建；","RPPOMLTKLHKGFDA08DA","147.33","0.0","0.0","無","","a_lvr_land_a.csv"
"南港區","房地(土地+建物)","臺北市南港區南深路３３號四樓之１２","11.86","住","","","1140213","土地1建物1車位0","四層","十層","華廈(10層含以下有電梯)","住家用","鋼筋混凝土造","0880316","34.06","1","1","1","有","有","5950000","174692","","0.0","0","","RPPNMLLLLHKGFDA27DA","22.71","0.0","3.67","有","","a_lvr_land_a.csv"
"信義區","房地(土地+建物)","臺北市信義區信義路六段７６巷１弄１４號四樓","31.27","都市：其他:第三種住宅區。","","","1140228","土地9建物1車位0","四層，陽臺","四層","公寓(5樓含以下無電梯)","住家用","鋼筋混凝土造","0640711","93.44","3","3","2","有","無","17300000","185146","","0.0","0","頂樓加蓋；","RPWNMLOKMHKGFDA28DA","93.44","0.0","0.0","無","","a_lvr_land_a.csv"
"士林區","房地(土地+建物)","臺北市士林區福港街２１０巷１７弄６之１號四樓","45.27","住","","","1140213","土地1建物1車位0","四層","四層","公寓(5樓含以下無電梯)","住家用","鋼筋混凝土造","0661125","132.14","4","2","2","有","無","20500000","155138","","0.0","0","陽台外推；其他增建；","RPSOMLNKLHKGFEA87DA","114.54","0.0","17.6","無","","a_lvr_land_a.csv"
"大安區","房地(土地+建物)","臺北市大安區安居街１４號六樓之１","2.63","住","","","1140218","土地2建物1車位0","六層","七層","華廈(10層含以下有電梯)","住家用","鋼筋混凝土造","0711029","13.22","2","1","2","有","無","3000000","226929","","0.0","0","親友、員工、共有人或其他特殊關係間之交易；","RPWNMLPKMHKGFFA58DA","9.64","0.0","2.35","有","","a_lvr_land_a.csv"
"士林區","房地(土地+建物)","臺北市士林區永平街７５巷１５號","25.7","都市：其他:第三種住宅區。","","","1140212","土地2建物1車位0","一層","五層","公寓(5樓含以下無電梯)","住商用","鋼筋混凝土造","0700309","94.71","1","2","1","有","無","20500000","216450","","0.0","0","壹樓空地增建、平台、地下室、內梯增建、鐵窗增建其他增建；","RPQNMLPKMHKGFEA97EA","80.62","14.09","0.0","無","116","a_lvr_land_a.csv"
"文山區","房地(土地+建物)","臺北市文山區景華街８２巷７弄１２號四樓","26.8","住","","","1140222","土地1建物1車位0","四層","五層","公寓(5樓含以下無電梯)","住家用","鋼筋混凝土造","0700904","106.72","3","2","2","有","無","17880000","167541","","0.0","0","陽台外推；其他增建；","RPVNMLOJLHKGFAA67DA","78.02","0.0","16.38","無","","a_lvr_land_a.csv"
"文山區","房地(土地+建物)+車位","臺北市文山區木柵路一段５９巷８０號八樓","32.0","住","","","1140209","土地1建物1車位1","八層","九層","華廈(10層含以下有電梯)","住家用","鋼筋混凝土造","1010418","168.17000000000002","3","2","2","有","有","30000000","218588","坡道平面","44.65","3000000","雨遮外推","RPPOMLTJMHKGFAA77DA","72.7","6.38","9.1","有","","a_lvr_land_a.csv"
"內湖區","房地(土地+建物)+車位","臺北市內湖區環山路一段２８號二十二樓","79.68","都市：其他:第三種住宅區。","","","1140227","土地1建物1車位4","二十二層","二十四層","住宅大樓(11層含以上有電梯)","住家用","鋼骨鋼筋混凝土造","0981007","430.63","3","2","3","有","有","110000000","325203","坡道平面","129.28","12000000","","RPVNMLSKLHKGFCA38DA","225.45","6.91","16.5","有","","a_lvr_land_a.csv"
"中山區","房地(土地+建物)+車位","臺北市中山區敬業三路１６２巷１３６號九樓","43.31","都市：其他:住宅區(供拆遷安置專案住宅使用)。","","","1140221","土地1建物1車位1","九層","十二層","住宅大樓(11層含以上有電梯)","住家用","鋼筋混凝土造","0890628","142.84","3","2","1","有","有","40880000","286194","坡道平面","0.0","0","抽籤車位/年陽台外推；其他增建；","RPRNMLNLLHKGFCA57DA","71.24","0.0","7.62","有","","a_lvr_land_a.csv"
"內湖區","房地(土地+建物)","臺北市內湖區內湖路一段７３７巷１９弄１０號四樓","34.92","都市：其他:第三種住宅區。","","","1140209","土地1建物1車位0","四層","五層","公寓(5樓含以下無電梯)","住家用","鋼筋混凝土造","0700327","122.13","3","2","2","有","無","23600000","193237","","0.0","0","陽台外推；其他增建；","RPTNMLKKMHKGFCA47DA","107.45","0.0","14.68","無","118","a_lvr_land_a.csv"
"松山區","房地(土地+建物)","臺北市松山區南京東路五段１２３巷４弄９號二樓","13.62","住","","","1140210","土地1建物1車位0","二層","四層","公寓(5樓含以下無電梯)","住家用","鋼筋混凝土造","0551006","36.54","4","2","2","有","無","7500000","205255","","0.0","0","親友、員工、共有人或其他特殊關係間之交易；其他增建；","RPROMLNKKHKGFDA57DA","36.54","0.0","0.0","無","119","a_lvr_land_a.csv"
"信義區","房地(土地+建物)","臺北市信義區信義路六段１２巷６號五樓","30.5","住","","","1140219","土地1建物1車位0","五層","五層","公寓(5樓含以下無電梯)","住家用","鋼筋混凝土造","0691203","113.03","3","2","2","有","無","22500000","199062","","0.0","0","頂樓加蓋；其他增建；","RPQNMLRJLHKGFDA77DA","98.45","0.0","14.58","無","","a_lvr_land_a.csv"
"信義區","房地(土地+建物)","臺北市信義區吳興街２８４巷２４弄６１號五樓","25.6","住","","","1140215","土地1建物1車位0","五層","五層","公寓(5樓含以下無電梯)","","鋼筋混凝土造","0670712","80.66","3","2","1","有","無","14680000","181999","","0.0","0","陽台外推；其他增建；","RPROMLKLLHKGFDA47DA","78.41","0.0","2.25","無","","a_lvr_land_a.csv"
"士林區","房地(土地+建物)","臺北市士林區美崙街８６巷１８號","64.0","住","","","1140223","土地1建物1車位0","全","二層","透天厝","住家用","加強磚造","0560623","96.76","5","2","2","有","無","28070000","290099","","0.0","0","頂樓加蓋；其他增建；","RPPOMLTKLHKGFEA18DA","96.76","0.0","0.0","無","","a_lvr_land_a.csv"
"北投區","房地(土地+建物)","臺北市北投區公路２７１號","25.04","住","","","1140224","土地1建物1車位0","一層","五層","公寓(5樓含以下無電梯)","住家用","鋼筋混凝土造","0691028","86.53","0","2","1","有","無","19300000","223044","","0.0","0","其他增建；","RPQNMLSJMHKGFEA08DA","73.61","12.92","0.0","無","","a_lvr_land_a.csv"
"北投區","房地(土地+建物)+車位","臺北市北投區清江路９１巷２０號","16.63","住","","","1140216","土地1建物1車位1","一層","十層","華廈(10層含以下有電梯)","住家用","鋼筋混凝土造","1131101","111.81","2","2","1","有","有","22380000","200161","坡道平面","25.35","0","","RPXNMLPKMHKGFEA58DA","52.26","0.0","6.05","有","","a_lvr_land_a.csv"
"大安區","房地(土地+建物)","臺北市大安區仁愛路三段２８號二樓之７","16.75","住","","","1140210","土地2建物1車位0","二層，陽臺","十二層","住宅大樓(11層含以上有電梯)","","鋼筋混凝土造","0640207","89.12","2","2","1","有","有","34580000","388016","","0.0","0","陽台外推；","RPQPMLQKMHKGFFA28DA","87.26","0.0","0.0","有","123","a_lvr_land_a.csv"
"文山區","房地(土地+建物)+車位","臺北市文山區忠順街一段４８巷５弄１０號八樓","37.04","住","","","1140106","土地1建物1車位1","八層","十層","華廈(10層含以下有電梯)","住家用","鋼筋混凝土造","0870119","187.51","3","2","1","有","有","27930000","148952","坡道平面","42.66","0","","RPTNMLPJKHKGFAA47DA","85.72","19.21","11.94","有","","a_lvr_land_a.csv"
"文山區","房地(土地+建物)","臺北市文山區木新路三段５０巷１１弄１０號三樓","25.6","住","","","1140105","土地2建物1車位0","三層","五層","公寓(5樓含以下無電梯)","住家用","鋼筋混凝土造","0711215","104.35","3","2","1","有","無","14800000","141830","","0.0","0","其他增建；","RPSNMLLLLHKGFAA27DA","71.3","0.0","18.52","無","","a_lvr_land_a.csv"
"內湖區","房地(土地+建物)","臺北市內湖區內湖路一段９１巷８５號","18.19","住","","","1140113","土地1建物1車位0","一層","九層","華廈(10層含以下有電梯)","住家用","鋼筋混凝土造","1130815","69.8","1","1","1","有","有","20600000","295129","","0.0","0","附加一樓戶外無產權登記之殘障車位約定專用使用權不計價","RPPPMLSJMHKGFCA97DA","43.75","0.0","1.67","有","","a_lvr_land_a.csv"
"南港區","房地(土地+建物)+車位","臺北市南港區福德街３２６號五樓","28.72","住","","","1140106","土地1建物1車位2","五層","十層","華廈(10層含以下有電梯)","住家用","鋼筋混凝土造","1010717","215.69","3","2","2","有","有","38580000","178860","坡道平面","75.4","0","其他增建；","RPTNMLNKKHKGFDA67DA","77.05","8.95","8.06","有","127","a_lvr_land_a.csv"
"文山區","房地(土地+建物)","臺北市文山區萬安街１６巷６之４號","55.54","都市：其他:第貳類住宅用地(萬芳社區特定專用區)。","","","1140105","土地1建物1車位0","一層","七層","華廈(10層含以下有電梯)","住家用","鋼筋混凝土造","0720728","107.25","4","2","2","有","無","18700000","174359","","0.0","0","其他增建；","RPPNMLSKLHKGFAA57DA","70.14","7.18","0.0","有","","a_lvr_land_a.csv"
"中正區","房地(土地+建物)+車位","臺北市中正區重慶南路三段３９號三樓","41.65","都市：其他:第三之一種住宅區。","","","1140113","土地2建物1車位1","三層","二十一層","住宅大樓(11層含以上有電梯)","住家用","鋼骨鋼筋混凝土造","1100915","241.29999999999998","3","2","2","有","有","83380000","396181","坡道平面","39.17","3300000","","RPSNMLPLLHKGFAA67DA","107.87","10.6","11.95","有","","a_lvr_land_a.csv"
"南港區","房地(土地+建物)","臺北市南港區南港路一段１３７巷４號四樓","31.75","住","","","1140124","土地1建物1車位0","四層","四層","公寓(5樓含以下無電梯)","住家用","鋼筋混凝土造","0660907","102.87","4","1","1","有","無","19400000","188588","","0.0","0","頂樓加蓋；","RPUNMLOLLHKGFDA08DA","90.82","0.0","12.05","無","","a_lvr_land_a.csv"
"松山區","房地(土地+建物)+車位","臺北市松山區市民大道四段３９之１號九樓","48.7","住","","","1140115","土地2建物1車位2","九層","二十三層","住宅大樓(11層含以上有電梯)","住家用","鋼骨造","1090102","359.0","2","2","3","有","有","188300000","643083","坡道平面","81.12","9600000","","RPVNMLSJMHKGFDA48DA","150.94","4.3","22.94","有","","a_lvr_land_a.csv"
"大安區","房地(土地+建物)","臺北市大安區金山南路二段１４１巷２１號","51.25","都市：其他:第三種住宅區。","","","1140131","土地2建物1車位0","一層","四層","公寓(5樓含以下無電梯)","住家用","鋼筋混凝土造","","122.36","4","2","2","有","無","54500000","445407","","0.0","0","","RPTNMLRLLHKGFFA48DA","122.36","0.0","0.0","無","","a_lvr_land_a.csv"
"大安區","房地(土地+建物)+車位","臺北市大安區瑞安街１４９巷８號十八樓之１","43.82","住","","","1140107","土地1建物1車位3","十八層","二十一層","住宅大樓(11層含以上有電梯)","住家用","鋼骨鋼筋混凝土造","1130520","364.51","0","0","4","有","有","150390000","546465","坡道平面","109.8","11200000","","RPTNMLMJMHKGFFA87DA","148.83","0.0","15.27","有","","a_lvr_land_a.csv"
"文山區","房地(土地+建物)+車位","臺北市文山區羅斯福路五段２１８巷３８弄１９號十一樓","22.14","都市：其他:第三種住宅區。","","","1140122","土地3建物1車位1","十一層","十六層","住宅大樓(11層含以上有電梯)","住家用","鋼筋混凝土造","0860815","101.86000000000001","3","1","1","有","有","22080000","216768","坡道機械","22.38","0","其他增建；","RPPNMLSJMHKGFAA57DA","48.89","0.89","3.99","有","131","a_lvr_land_a.csv"
"文山區","房地(土地+建物)","臺北市文山區羅斯福路五段２１８巷３８弄１７號十一樓","10.68","都市：其他:第三種住宅區。","","","1140122","土地3建物1車位0","十一層","十六層","住宅大樓(11層含以上有電梯)","住家用","鋼筋混凝土造","0860815","45.04","1","1","1","有","有","11500000","255329","","0.0","0","其他增建；","RPQNMLSJMHKGFAA67DA","27.68","0.34","2.66","有","132","a_lvr_land_a.csv"
"文山區","房地(土地+建物)+車位","臺北市文山區景福街２３０巷７號四樓","32.54","都市：其他:第三種住宅區。","","","1140121","土地1建物1車位1","四層","六層","華廈(10層含以下有電梯)","住家用","鋼筋混凝土造","0860204","118.4","3","2","2","有","有","28200000","238176","升降機械","0.0","0","","RPSNMLLKMHKGFAA27DA","68.04","1.79","8.83","有","","a_lvr_land_a.csv"
"中山區","房地(土地+建物)","臺北市中山區龍江路３９４巷１４號三樓","23.37","都市：其他:第三種住宅區。","","","1140114","土地1建物1車位0","三層","五層","公寓(5樓含以下無電梯)","住家用","鋼筋混凝土造","0710918","89.33","3","2","2","有","無","18180000","203515","","0.0","0","其他增建；","RPWNMLRKLHKGFCA38DA","77.34","0.0","11.99","無","","a_lvr_land_a.csv"
"內湖區","房地(土地+建物)","臺北市內湖區成功路三段１８７巷３弄２１號五樓","27.45","都市：其他:第參種商業區(依都市計畫說明書圖規定辦理，始得作第參種商業區使用)(原屬第參種住宅區及第參之壹種住宅區)。","","","1140111","土地1建物1車位0","五層","五層","公寓(5樓含以下無電梯)","住家用","鋼筋混凝土造","0700105","97.22","3","2","1","有","無","13000000","133717","","0.0","0","陽台外推；其他增建；","RPWOMLLMLHKGFCA08DA","83.94","0.0","13.28","無","","a_lvr_land_a.csv"
"內湖區","房地(土地+建物)+車位","臺北市內湖區新豐街１０８號四樓之１","44.92","都市：其他:住宅區。","","","1140121","土地1建物1車位1","四層","十層","華廈(10層含以下有電梯)","住家用","鋼筋混凝土造","0980715","221.67000000000002","4","2","2","有","有","53000000","271126","坡道平面","35.41","2500000","","RPSPMLLMLHKGFCA77DA","101.12","10.18","4.82","有","134","a_lvr_land_a.csv"
"內湖區","房地(土地+建物)+車位","臺北市內湖區成功路四段６１巷３５弄７號三樓","28.48","都市：其他:第三種住宅區。","","","1140127","土地2建物1車位2","三層","五層","公寓(5樓含以下無電梯)","住家用","鋼筋混凝土造","0720809","131.91","3","2","2","有","有","20620000","196528","坡道機械","40.32","2620000","鐵鋁窗增建，本案車位位於其他社區陽台外推；其他增建；","RPWPMLSJMHKGFCA68DA","75.45","0.0","8.74","無","135","a_lvr_land_a.csv"
"南港區","房地(土地+建物)","臺北市南港區研究院路二段１５０巷３弄７號四樓","26.75","住","","","1140124","土地1建物1車位0","四層，陽臺","四層","公寓(5樓含以下無電梯)","住家用","鋼筋混凝土造","0620129","79.2","5","2","1","有","無","12250000","154672","","0.0","0","其他增建；","RPXNMLLJMHKGFDA97DA","79.2","0.0","0.0","無","","a_lvr_land_a.csv"
"大安區","房地(土地+建物)","臺北市大安區仁愛路三段１２３巷２６弄７號二樓","26.62","住","","","1140116","土地1建物1車位0","二層","七層","華廈(10層含以下有電梯)","住家用","鋼筋混凝土造","0690107","143.94","3","2","2","有","無","43800000","304293","","0.0","0","陽台外推；其他增建；","RPPNMLMKLHKGFFA47DA","122.89","0.0","17.06","有","","a_lvr_land_a.csv"
"文山區","房地(土地+建物)","臺北市文山區木新路二段４１號三樓","30.35","住","","","1140119","土地1建物1車位0","三層","十六層","住宅大樓(11層含以上有電梯)","住家用","鋼筋混凝土造","0841024","121.97","3","2","2","有","有","24880000","203985","","0.0","0","其他增建；","RPOOMLSKLHKGFAA57DA","75.5","2.46","10.38","有","","a_lvr_land_a.csv"
"內湖區","房地(土地+建物)+車位","臺北市內湖區金豐街５８號七樓","22.89","都市：其他:工商混合區(不得作住宅使用)。","","","1140125","土地1建物1車位1","七層","十層","華廈(10層含以下有電梯)","商業用","鋼筋混凝土造","0991124","120.71000000000001","2","2","1","有","有","19000000","201244","坡道平面","38.72","2500000","","RPROMLKLKHKGFCA27DA","51.66","2.4","0.0","有","","a_lvr_land_a.csv"
"內湖區","房地(土地+建物)","臺北市內湖區安康路４１４巷１０號七樓","27.31","都市：其他:第三種住宅區。","","","1140111","土地1建物1車位0","七層","八層","華廈(10層含以下有電梯)","住家用","鋼筋混凝土造","0881116","95.81","3","2","1","有","有","21500000","224402","","0.0","0","其他增建；","RPWNMLPLLHKGFCA28DA","62.62","0.77","8.14","有","","a_lvr_land_a.csv"
"內湖區","房地(土地+建物)+車位","臺北市內湖區康樂街１３６巷１５弄３２號十一樓之５","14.63","都市：其他:第三種住宅區。","","","1140111","土地1建物1車位2","十一層","十一層","住宅大樓(11層含以上有電梯)","商業用","鋼筋混凝土造","0941123","119.62","3","2","2","有","有","22750000","261194","坡道機械","45.92","3500000","夾層；","RPOPMLQLLHKGFCA77DA","43.19","2.76","4.04","有","","a_lvr_land_a.csv"
"內湖區","房地(土地+建物)","臺北市內湖區星雲街１６８巷３５號七樓","8.58","都市：其他:第三種住宅區。","","","1140111","土地1建物1車位0","七層","二十一層","住宅大樓(11層含以上有電梯)","住家用","鋼筋混凝土造","0860124","52.599999999999994","2","1","1","有","有","12380000","235361","","0.0","0","陽台外推；夾層；其他增建；","RPPOMLRLLHKGFCA87DA","27.56","1.0","2.82","有","","a_lvr_land_a.csv"
"中山區","房地(土地+建物)","臺北市中山區林森北路８５巷６２號五樓","8.43","都市：其他:第肆種商業區(依都市計畫說明書圖規定辦理，始得作第肆種商業區使用)(原屬第參種住宅區)。","","","1140111","土地1建物1車位0","五層","八層","華廈(10層含以下有電梯)","住家用","鋼筋混凝土造","0970925","31.1","1","1","1","有","有","8850000","284566","","0.0","0","陽台外推；夾層；其他增建；","RPQNMLLJMHKGFCA17DA","16.63","0.0","3.06","有","138","a_lvr_land_a.csv"
"中山區","房地(土地+建物)","臺北市中山區復興北路４４８號十樓之１３","7.39","都市：其他:第三之一種住宅區。","","","1140124","土地2建物1車位0","十層","十二層","住宅大樓(11層含以上有電梯)","住家用","鋼筋混凝土造","0971015","42.83","1","1","1","有","有","13280000","310063","","0.0","0","","RPVNMLKKMHKGFCA67DA","24.8","1.47","2.2","有","139","a_lvr_land_a.csv"
"士林區","房地(土地+建物)","臺北市士林區中社路二段９９號四樓","97.25","住","","","1140105","土地1建物1車位0","四層","四層","公寓(5樓含以下無電梯)","住家用","鋼筋混凝土造","0650406","103.75","3","2","2","有","無","16600000","160000","","0.0","0","頂樓加蓋；其他增建；","RPTOMLNJLHKGFEA87DA","103.75","0.0","0.0","無","","a_lvr_land_a.csv"
"文山區","房地(土地+建物)","臺北市文山區萬和街３巷１１號四樓","51.47","都市：其他:第貳類住宅用地(萬芳社區特定專用區)。","","","1140119","土地1建物1車位0","四層","五層","公寓(5樓含以下無電梯)","住家用","鋼筋混凝土造","0720920","91.0","3","2","1","有","有","14300000","157143","","0.0","0","陽台外推；其他增建；","RPTNMLRJKHKGFAA67DA","67.3","0.0","10.14","無","","a_lvr_land_a.csv"
"中正區","房地(土地+建物)+車位","臺北市中正區重慶南路三段４３號五樓","43.72","住","","","1140106","土地2建物1車位1","五層","二十一層","住宅大樓(11層含以上有電梯)","住家用","鋼骨鋼筋混凝土造","1100915","248.62","3","2","2","有","有","90380000","416233","坡道平面","39.17","3200000","","RPSNMLSJMHKGFAA87DA","117.26","8.26","11.44","有","","a_lvr_land_a.csv"
"萬華區","房地(土地+建物)+車位","臺北市萬華區西園路二段３７號十二樓之１","25.98","住","","","1140102","土地2建物1車位1","十二層","十五層","住宅大樓(11層含以上有電梯)","住家用","鋼筋混凝土造","1110629","240.94","3","2","2","有","有","55060000","251085","坡道平面","33.6","3000000","","RPVNMLLJMHKGFBA57DA","121.43","7.68","11.76","有","","a_lvr_land_a.csv"
"內湖區","房地(土地+建物)","臺北市內湖區民權東路六段１２０巷１弄２號四樓","30.87","都市：其他:第三種住宅區。","","","1140111","土地1建物1車位0","四層","五層","公寓(5樓含以下無電梯)","住家用","鋼筋混凝土造","0730130","100.14","3","2","1","有","無","16100000","160775","","0.0","0","其他增建；","RPTNMLKLLHKGFCA47DA","79.36","0.0","13.74","無","","a_lvr_land_a.csv"
"內湖區","房地(土地+建物)","臺北市內湖區文德路２２巷７４弄１６號七樓之１","19.86","都市：其他:第三種住宅區。","","","1140105","土地1建物1車位0","七層","七層","華廈(10層含以下有電梯)","住家用","鋼筋混凝土造","0880119","70.49000000000001","2","2","1","有","有","19880000","282026","","0.0","0","其他增建；","RPQPMLLKMHKGFCA47DA","49.52","0.0","6.07","有","142","a_lvr_land_a.csv"
"內湖區","房地(土地+建物)+車位","臺北市內湖區環山路二段３０號二樓之７","52.24","都市：其他:第二種住宅區。","","","1140114","土地2建物1車位1","二層","五層","華廈(10層含以下有電梯)","住家用","鋼筋混凝土造","1070928","119.08","2","2","1","有","有","27300000","279246","坡道平面","32.06","3000000","夾層；","RPQPMLOKMHKGFCA77DA","46.02","5.66","5.28","有","143","a_lvr_land_a.csv"
"內湖區","房地(土地+建物)","臺北市內湖區環山路二段１０９巷４號五樓","26.11","都市：其他:第三種住宅區。","","","1140121","土地2建物1車位0","五層","五層","公寓(5樓含以下無電梯)","住家用","鋼筋混凝土造","0700128","96.95","4","0","4","有","無","20500000","211449","","0.0","0","陽台外推；頂樓加蓋；","RPWNMLPKMHKGFCA28DA","88.24","0.0","8.71","無","","a_lvr_land_a.csv"
"南港區","房地(土地+建物)+車位","臺北市南港區重陽路１２５巷３６弄３１號二樓","41.33","住","","","1140112","土地1建物1車位1","二層","九層","華廈(10層含以下有電梯)","住家用","鋼筋混凝土造","0980921","230.56","3","2","2","有","有","46510000","220347","坡道平面","30.83","2500000","其他增建；","RPQOMLPLLHKGFDA87DA","106.79","16.17","11.96","有","144","a_lvr_land_a.csv"
"士林區","房地(土地+建物)","臺北市士林區承德路四段５８巷１０弄７號四樓","38.28","都市：其他:第三種住宅區。","","","1140118","土地9建物1車位0","四層","五層","公寓(5樓含以下無電梯)","住家用","鋼筋混凝土造","0680618","124.22","4","2","2","有","無","19110000","153840","","0.0","0","其他增建；","RPUNMLKLLHKGFEA77DA","112.08","0.0","12.14","無","","a_lvr_land_a.csv"
"內湖區","房地(土地+建物)+車位","臺北市內湖區行善路２８１巷２８號二樓","20.29","都市：其他:住宅區。","","","1140110","土地1建物1車位1","二層","九層","華廈(10層含以下有電梯)","住家用","鋼筋混凝土造","0980826","116.69","2","2","1","有","有","28000000","248902","坡道平面","14.24","2500000","其他增建；","RPWNMLRJLHKGFCA28DA","45.43","6.68","6.25","有","146","a_lvr_land_a.csv"
"內湖區","房地(土地+建物)+車位","臺北市內湖區安泰街８７號六樓","46.16","都市：其他:第三種住宅區。","","","1140115","土地1建物1車位2","六層，見其他登記事項","六層","華廈(10層含以下有電梯)","住家用","鋼筋混凝土造","0970619","308.81","4","2","3","有","有","39080000","154236","坡道平面","83.96","4400000","夾層；其他增建；","RPTNMLQLLHKGFCA08DA","140.92","11.19","5.92","有","147","a_lvr_land_a.csv"
"中山區","房地(土地+建物)+車位","臺北市中山區南京東路三段４８巷３８號八樓","28.71","都市：其他:第三種住宅區。","","","1140107","土地1建物1車位2","八層","十四層","住宅大樓(11層含以上有電梯)","住家用","鋼筋混凝土造","0930330","234.63","3","1","2","有","有","68600000","292375","坡道平面","0.0","0","","RPPOMLLJMHKGFCA17DA","102.7","8.77","11.81","有","","a_lvr_land_a.csv"
"中山區","房地(土地+建物)","臺北市中山區林森北路１１９巷５５之２號","33.12","都市：其他:第肆種商業區(依都市計畫說明書圖規定辦理，始得作第肆種商業區使用)(原屬第參種住宅區) 但是否在道路用地(公共設施用地)(應依建築線或俟地籍測量分割後，再確定)。","","","1140118","土地1建物1車位0","三層","五層","華廈(10層含以下有電梯)","住家用","鋼筋混凝土造","0600705","151.81","4","2","5","有","無","23000000","151505","","0.0","0","陽台外推；","RPTNMLQKMHKGFCA08DA","130.83","0.0","20.98","有","","a_lvr_land_a.csv"
"士林區","房地(土地+建物)","臺北市士林區福華路１４７巷３１號四樓","27.0","住","","","1140118","土地1建物1車位0","四層","四層","公寓(5樓含以下無電梯)","住家用","鋼筋混凝土造","0610713","81.26","3","2","1","有","無","16800000","206744","","0.0","0","陽台外推；其他增建；","RPRNMLMKLHKGFEA57DA","81.26","0.0","0.0","無","","a_lvr_land_a.csv"
"北投區","房地(土地+建物)","臺北市北投區懷德街７５巷４號四樓","32.83","住","","","1140118","土地1建物1車位0","四層","五層","公寓(5樓含以下無電梯)","住家用","鋼筋混凝土造","0671003","107.3","3","2","1","有","無","18300000","170550","","0.0","0","陽台外推；其他增建；","RPWNMLOLLHKGFEA38DA","95.58","0.0","9.36","無","","a_lvr_land_a.csv"
"北投區","房地(土地+建物)","臺北市北投區公路１８９號","105.0","住","","","1140108","土地1建物1車位0","全","三層","透天厝","住家用","加強磚造","0690417","167.37","4","1","4","有","無","30000000","179244","","0.0","0","","RPUNMLPKMHKGFEA28DA","125.43","13.98","27.96","無","149","a_lvr_land_a.csv"
"大安區","房地(土地+建物)","臺北市大安區安和路二段１７１巷８號二樓","14.83","住","","","1140116","土地1建物1車位0","二層","十七層","住宅大樓(11層含以上有電梯)","住家用","鋼筋混凝土造","0750131","151.55","3","2","2","有","有","48600000","320686","","0.0","0","陽台外推；其他增建；","RPVNMLLKMHKGFFA08DA","101.44","0.0","22.49","有","","a_lvr_land_a.csv"
"松山區","房地(土地+建物)","臺北市松山區八德路四段２０４巷６弄９號","43.75","住","","","1140124","土地1建物1車位0","一層，平台","四層","公寓(5樓含以下無電梯)","住家用","鋼筋混凝土造","0640311","128.26","4","2","2","有","無","36000000","280680","","0.0","0","其他增建；","RPROMLLLLHKGFDA67EA","128.26","0.0","0.0","無","","a_lvr_land_a.csv"
"中正區","房地(土地+建物)","臺北市中正區中華路二段４８１號六樓之２","24.47","住","","","1131231","土地1建物1車位0","六層","七層","華廈(10層含以下有電梯)","住家用","鋼筋混凝土造","0800102","131.42","4","2","2","有","有","30750000","233983","","0.0","0","陽台外推；其他增建；","RPOOMLLKLHKGFAA86DA","90.38","4.0","12.17","有","","a_lvr_land_a.csv"
"士林區","房地(土地+建物)","臺北市士林區文林路６６１巷３９弄１０號二樓","33.75","住","","","1131230","土地1建物1車位0","二層，陽臺","四層","公寓(5樓含以下無電梯)","住家用","鋼筋混凝土造","0650630","99.95","3","2","2","有","無","20200000","202101","","0.0","0","陽台外推；","RPWQMLRJLHKGFEA78DA","99.95","0.0","0.0","無","","a_lvr_land_a.csv"
"大安區","房地(土地+建物)+車位","臺北市大安區金山南路二段１８８號三樓之３","20.29","住","","","1131208","土地4建物1車位1","三層","二十四層","住宅大樓(11層含以上有電梯)","住家用","鋼骨造","1080910","177.0","3","2","2","有","有","59400000","335574","坡道平面","0.0","0","","RPTNMLKKKIJGFFA57DA","83.38","0.0","6.26","有","150","a_lvr_land_a.csv"
"大安區","房地(土地+建物)","臺北市大安區復興南路二段７８巷８弄８號","49.0","住","","","1131222","土地1建物1車位0","全","一層","透天厝","","磚造","","37.02","2","2","1","有","無","27500000","742842","","0.0","0","","RPPSMLTJMHKGFFA68DA","37.02","0.0","0.0","無","","a_lvr_land_a.csv"
"中山區","房地(土地+建物)","臺北市中山區復興北路４３０巷３２號四樓","25.62","住","","","1131205","土地2建物1車位0","四層","七層","華廈(10層含以下有電梯)","住家用","鋼筋混凝土造","0700127","127.64","3","2","3","有","無","28500000","223284","","0.0","0","陽台外推；","RPVPMLSJMHKGFCA58DA","98.02","0.0","24.75","有","","a_lvr_land_a.csv"
"北投區","房地(土地+建物)","臺北市北投區大興街２４巷５弄１號二樓","30.29","住","","","1131228","土地1建物1車位0","二層","四層","公寓(5樓含以下無電梯)","住家用","鋼筋混凝土造","0681224","97.46","3","2","1","有","無","18300000","187769","","0.0","0","陽台外推；其他增建；","RPRQMLPLKHKGFEA18DA","85.23","0.0","12.23","無","152","a_lvr_land_a.csv"
"大安區","房地(土地+建物)","臺北市大安區復興南路二段７８巷３０弄８號五樓","21.48","住","","","1131210","土地1建物2車位0","五層","十五層","住宅大樓(11層含以上有電梯)","住家用","鋼筋混凝土造","0760707","130.95000000000002","3","2","2","有","有","43880000","335090","","0.0","0","其他增建；","RPPNMLRJMHKGFFA97DA","85.4","0.86","13.14","有","","a_lvr_land_a.csv"
"中正區","房地(土地+建物)+車位","臺北市中正區水源路４１號十三樓","28.09","都市：其他:第三種住宅區。","","","1131231","土地1建物1車位1","十三層","十三層","住宅大樓(11層含以上有電梯)","住家用","鋼筋混凝土造","0911202","162.41","3","1","2","有","有","14000000","86202","坡道平面","41.71","0","親友、員工、共有人或其他特殊關係間之交易；","RPPNMLLKMHKGFAA07EA","79.72","0.0","6.85","有","","a_lvr_land_a.csv"
"信義區","房地(土地+建物)+車位","臺北市信義區松智路３５號十一樓","40.39","住","","","1131201","土地2建物1車位1","十一層","十二層","住宅大樓(11層含以上有電梯)","住家用","鋼筋混凝土造","0870501","164.16","3","2","2","有","有","51680000","314815","坡道平面","0.0","0","","RPOPMLSKLHKGFDA97DA","82.09","2.05","11.2","有","","a_lvr_land_a.csv"
"大安區","房地(土地+建物)","臺北市大安區信義路三段１４７巷１７弄１６號四樓","39.8","住","","","1131204","土地1建物1車位0","四層，陽臺","五層","公寓(5樓含以下無電梯)","","鋼筋混凝土造","0640627","137.55","3","2","3","有","無","43590000","316903","","0.0","0","陽台外推；其他增建；","RPSNMLSLLHKGFFA48DA","137.55","0.0","0.0","無","","a_lvr_land_a.csv"
"士林區","房地(土地+建物)+車位","臺北市士林區基河路２４２號十二樓","54.32","住","","","1131230","土地1建物1車位2","十二層","十二層","住宅大樓(11層含以上有電梯)","住家用","鋼筋混凝土造","0961025","261.13","4","2","2","有","有","58200000","222877","坡道平面","25.94","0","親友、員工、共有人或其他特殊關係間之交易；","RPQNMLLKMHKGFEA57EA","124.03","10.1","12.74","有","","a_lvr_land_a.csv"
"大安區","房地(土地+建物)","臺北市大安區新生南路一段１４３巷１２號","51.0","都市：其他:第三種住宅區。","","","1131217","土地1建物1車位0","一層，陽臺","四層","公寓(5樓含以下無電梯)","住家用","鋼筋混凝土造","0600615","125.02","4","2","3","有","無","48500000","387938","","0.0","0","地下室、壹樓空地其他增建；","RPPNMLLKMHKGFFA57EA","125.02","0.0","0.0","無","","a_lvr_land_a.csv"
"信義區","房地(土地+建物)","臺北市信義區吳興街６００巷１００弄１８之１號五樓","13.82","住","","","1131222","土地1建物1車位0","五層","十一層","住宅大樓(11層含以上有電梯)","住家用","鋼筋混凝土造","1030108","82.11","2","1","2","有","有","17380000","211667","","0.0","0","夾層；其他增建；","RPUNMLTJMHKGFDA48DA","39.8","10.72","3.89","有","154","a_lvr_land_a.csv"
"士林區","房地(土地+建物)","臺北市士林區雨聲街１５巷３號四樓","36.8","住","","","1131209","土地1建物1車位0","四層","五層","公寓(5樓含以下無電梯)","住家用","鋼筋混凝土造","0711202","107.63","3","2","2","有","無","21880000","203289","","0.0","0","陽台外推；其他增建；","RPOOMLKLLHKGFEA27DA","84.17","0.0","12.1","無","155","a_lvr_land_a.csv"
"文山區","房地(土地+建物)","臺北市文山區萬美街二段２巷７之４號","65.8","都市：其他:第貳類住宅用地(萬芳社區特定專用區)。","","","1131226","土地1建物1車位0","一層","十二層","住宅大樓(11層含以上有電梯)","住家用","鋼筋混凝土造","0720916","101.32000000000001","2","2","1","有","有","12000000","118437","","0.0","0","親友、員工、共有人或其他特殊關係間之交易；","RPUNMLLKMHKGFAA47DA","71.02","6.38","0.0","有","","a_lvr_land_a.csv"
"文山區","房地(土地+建物)+車位","臺北市文山區萬壽路６１巷７號十三樓","153.43","住","","","1131230","土地1建物1車位2","十三層，電梯樓梯間","十五層","住宅大樓(11層含以上有電梯)","住家用","鋼筋混凝土造","0841220","299.39","3","2","2","有","有","30000000","100200","坡道平面","82.74","0","親友、員工、共有人或其他特殊關係間之交易；","RPPNMLPKMHKGFAA37DA","248.16","0.98","17.57","有","","a_lvr_land_a.csv"
"內湖區","房地(土地+建物)+車位","臺北市內湖區民權東路六段２５６號三樓之１","19.51","都市：其他:第二之一種住宅區(依都市計畫說明書圖規定辦理)。","","","1131225","土地1建物1車位1","三層","八層","華廈(10層含以下有電梯)","住家用","鋼筋混凝土造","0971128","86.12","4","1","1","有","有","21500000","252016","塔式車位","6.76","1500000","夾層；","RPOOMLLKMHKGFCA17DA","44.24","5.48","6.56","有","156","a_lvr_land_a.csv"
"信義區","房地(土地+建物)","臺北市信義區吳興街２８４巷２０弄２３號四樓","26.0","住","","","1131213","土地1建物1車位0","四層","四層","公寓(5樓含以下無電梯)","住家用","鋼筋混凝土造","0620625","80.12","3","2","1","有","無","16350000","204069","","0.0","0","陽台外推；頂樓加蓋；其他增建；","RPQOMLKLLHKGFDA37DA","69.3","0.0","10.82","無","","a_lvr_land_a.csv"
"內湖區","房地(土地+建物)+車位","臺北市內湖區五分街１１３號十一樓之１","14.2","都市：其他:第三種住宅區。","","","1131229","土地2建物1車位1","十一層","十二層","住宅大樓(11層含以上有電梯)","住家用","鋼筋混凝土造","0960709","91.34","1","1","1","有","有","16450000","266781","坡道平面","39.06","2500000","陽台外推；","RPSQMLOKMHKGFCA08DA","37.66","0.78","4.25","有","","a_lvr_land_a.csv"
"內湖區","房地(土地+建物)+車位","臺北市內湖區康樂街１３６巷１８弄２３號八樓","20.59","都市：其他:第三種住宅區。","","","1131110","土地3建物1車位1","八層","十四層","住宅大樓(11層含以上有電梯)","住家用","鋼筋混凝土造","1020625","168.85000000000002","3","2","2","有","有","34000000","201362","坡道平面","41.51","0","","RPPPMLRKLHKGFCA87DA","83.62","0.0","12.78","有","","a_lvr_land_a.csv"
"內湖區","房地(土地+建物)","臺北市內湖區新明路４６０巷１８弄５號四樓","27.5","都市：其他:第三種住宅區。","","","1131130","土地1建物1車位0","四層","四層","公寓(5樓含以下無電梯)","住家用","鋼筋混凝土造","0671108","81.13","3","2","1","有","無","13500000","166400","","0.0","0","陽台外推；頂樓加蓋；夾層；其他增建；","RPQPMLLMLHKGFCA57DA","68.64","0.0","12.49","無","","a_lvr_land_a.csv"
"信義區","房地(土地+建物)","臺北市信義區松德路２５巷１４號十三樓","13.47","住","","","1131117","土地2建物1車位0","十三層","十四層","住宅大樓(11層含以上有電梯)","住家用","鋼筋混凝土造","0740620","119.44","3","2","2","有","有","30750000","257451","","0.0","0","陽台外推；","RPUOMLNLJHKGFDA87DA","89.48","0.0","9.92","有","","a_lvr_land_a.csv"
"文山區","房地(土地+建物)+車位","臺北市文山區木新路三段２３２巷７弄８之３號四樓","38.16","住","","","1131010","土地1建物1車位1","四層","十層","華廈(10層含以下有電梯)","住家用","鋼筋混凝土造","0960215","239.07999999999998","4","2","2","有","有","38580000","180608","坡道平面","39.31","2500000","陽台外推；其他增建；","RPPNMLRJLHKGFAA37DA","116.69","13.15","12.11","有","","a_lvr_land_a.csv"
"大安區","房地(土地+建物)","臺北市大安區仁愛路四段２６６巷１２號七樓","28.05","住","","","1131006","土地1建物1車位0","七層","七層","華廈(10層含以下有電梯)","住家用","鋼筋混凝土造","0690922","128.11","3","2","2","有","有","37500000","292717","","0.0","0","陽台外推；其他增建；","RPPNMLOKMHKGFFA87EA","92.75","0.0","13.29","有","","a_lvr_land_a.csv"
"中山區","房地(土地+建物)","臺北市中山區民族東路４２０號","37.8","都市：其他:第參種商業區(依都市計畫說明書圖規定辦理，始得作第參種商業區使用)(原屬第參種住宅區及第參之壹種住宅區)。","","","1131027","土地1建物1車位0","一層，地下層","五層","公寓(5樓含以下無電梯)","住商用","鋼筋混凝土造","0711029","158.36","2","2","1","有","無","34000000","214701","","0.0","0","其他增建；","RPUOMLSJMHKGFCA38DA","147.81","10.55","0.0","無","","a_lvr_land_a.csv"
"文山區","房地(土地+建物)+車位","臺北市文山區樟新街３２巷１號七樓","15.94","住","","","1130902","土地1建物1車位1","七層","十六層","住宅大樓(11層含以上有電梯)","住家用","鋼筋混凝土造","0831221","105.67999999999999","2","2","1","有","有","18400000","174111","坡道平面","0.0","2500000","依建物謄本標示部，車位面積無法概算陽台外推；其他增建；","RPWNMLRJLHKGFAA08DA","63.06","3.05","6.5","有","","a_lvr_land_a.csv"
"萬華區","房地(土地+建物)","臺北市萬華區長泰街２４５號三樓","28.0","住","","","1130912","土地1建物1車位0","三層","四層","公寓(5樓含以下無電梯)","住家用","加強磚造","0580425","75.94","2","2","1","有","無","8000000","105346","","0.0","0","","RPPNMLOKMHKGFBA47EA","75.94","0.0","0.0","無","","a_lvr_land_a.csv"
"士林區","房地(土地+建物)+車位","臺北市士林區中山北路七段８１巷１６弄１６號十一樓","17.21","住","","","1121218","土地1建物1車位1","十一層","十二層","住宅大樓(11層含以上有電梯)","住家用","鋼筋混凝土造","1131220","126.53","2","1","2","有","有","29550000","306727","坡道平面","38.83","2650000","預售屋、或土地及建物分件登記案件；","RPXNMLRJMHKGFEA68DA","51.62","0.0","7.39","有","","a_lvr_land_a.csv"
"士林區","房地(土地+建物)","臺北市士林區中山北路七段８１巷１６弄２０號九樓","12.09","住","","","1120815","土地1建物1車位0","九層","十二層","住宅大樓(11層含以上有電梯)","住家用","鋼筋混凝土造","1131220","61.58","1","1","1","有","有","18570000","301559","","0.0","0","預售屋、或土地及建物分件登記案件；","RPPOMLRJMHKGFEA97DA","38.66","0.0","2.78","有","","a_lvr_land_a.csv"
"士林區","房地(土地+建物)+車位","臺北市士林區中山北路七段８１巷１６弄１６號十二樓","17.21","住","","","1110104","土地1建物1車位1","十二層","十二層","住宅大樓(11層含以上有電梯)","住家用","鋼筋混凝土造","1131220","126.53","1","1","1","有","有","29500000","306727","坡道平面","38.83","2600000","預售屋、或土地及建物分件登記案件；","RPWNMLRJMHKGFEA58DA","51.62","0.0","7.39","有","","a_lvr_land_a.csv"
"大安區","房地(土地+建物)+車位","臺北市大安區金華街１６２號五樓之１","22.28","住","","","1100808","土地2建物1車位1","五層","十層","華廈(10層含以下有電梯)","住家用","鋼筋混凝土造","1131029","155.44","3","2","2","有","有","52450000","428127","坡道平面","39.82","2950000","因建物登記面積減少，買賣金額減少142176元，找補後總價52307824元正。預售屋、或土地及建物分件登記案件；","RPXNMLRJLHKGFFA78EA","66.51","0.0","8.67","有","","a_lvr_land_a.csv"
"大安區","房地(土地+建物)+車位","臺北市大安區金華街１６２號四樓之１","22.28","住","","","1100730","土地2建物1車位2","四層","十層","華廈(10層含以下有電梯)","住家用","鋼筋混凝土造","1131029","195.26","3","2","2","有","有","55100000","425532","升降平面","79.64","5900000","因建物登記面積減少，買賣金額減少141311元，找補後總價54958689元正。預售屋、或土地及建物分件登記案件；","RPWNMLRJLHKGFFA68EA","66.51","0.0","8.67","有","","a_lvr_land_a.csv"
"南港區","房地(土地+建物)+車位","臺北市南港區興南街１３０號七樓","22.58","住","","","1100503","土地1建物1車位1","七層","八層","華廈(10層含以下有電梯)","住家用","鋼筋混凝土造","1130712","139.32","3","2","2","有","有","28060000","261170","升降平面","41.07","2400000","預售屋、或土地及建物分件登記案件；","RPTNMLKKMHKGFDA57DA","56.66","0.0","5.29","有","","a_lvr_land_a.csv"
"北投區","房地(土地+建物)+車位","臺北市北投區大業路３８６號十三樓","13.71","住","","","1100221","土地1建物1車位1","十三層","十五層","住宅大樓(11層含以上有電梯)","住家用","鋼筋混凝土造","1131231","155.7","3","2","2","有","有","27700000","207415","坡道平面","33.24","2300000","原買方紀OO與新買方李OO於110.10.4 簽立權利義務移轉證明更名轉讓轉售金額2800萬車位250萬預售屋、或土地及建物分件登記案件；","RPVNMLLKMHKGFEA97DA","74.61","0.0","6.27","有","","a_lvr_land_a.csv"
"北投區","房地(土地+建物)+車位","臺北市北投區大業路３９２號四樓","14.74","住","","","1100224","土地1建物1車位1","四層","十五層","住宅大樓(11層含以上有電梯)","住家用","鋼筋混凝土造","1131231","164.8","3","2","2","有","有","29880000","206598","坡道平面","33.24","2700000","原買方劉OO與新買方楊OO於113.5.24 簽立權利義務移轉證明更名轉讓總價款不變預售屋、或土地及建物分件登記案件；","RPSNMLRLLHKGFEA28DA","80.12","0.0","6.77","有","","a_lvr_land_a.csv"
"信義區","房地(土地+建物)+車位","臺北市信義區吳興街６００巷２２號三樓","22.8","住","","","1090502","土地2建物1車位1","三層","十三層","住宅大樓(11層含以上有電梯)","住家用","鋼筋混凝土造","1131126","156.86","3","2","2","有","無","28880000","219091","坡道平面","36.91","2600000","預售屋、或土地及建物分件登記案件；","RPTOMLLLLHKGFDA87EA","71.21","0.0","9.06","有","","a_lvr_land_a.csv"
"信義區","房地(土地+建物)+車位","臺北市信義區吳興街６００巷２２號十三樓","22.8","住","","","1090515","土地2建物1車位1","十三層","十三層","住宅大樓(11層含以上有電梯)","住家用","鋼筋混凝土造","1131126","156.91","3","2","2","有","無","31380000","239833","坡道平面","36.91","2600000","113.5.28換約取得總價3388萬元預售屋、或土地及建物分件登記案件；","RPVOMLLLLHKGFDA08EA","71.21","0.0","9.06","有","","a_lvr_land_a.csv"
"信義區","房地(土地+建物)+車位","臺北市信義區吳興街６００巷３２號三樓","26.98","住","","","1090519","土地2建物1車位1","三層","十三層","住宅大樓(11層含以上有電梯)","住家用","鋼筋混凝土造","1131126","180.28","3","2","2","有","無","34620000","223338","坡道平面","36.91","2600000","預售屋、或土地及建物分件登記案件；","RPWOMLLLLHKGFDA18EA","84.34","0.0","11.55","有","","a_lvr_land_a.csv"
"信義區","房地(土地+建物)+車位","臺北市信義區吳興街６００巷３２號五樓","26.98","住","","","1090510","土地2建物1車位1","五層","十三層","住宅大樓(11層含以上有電梯)","住家用","鋼筋混凝土造","1131126","180.28","3","2","2","有","無","35170000","226477","坡道平面","36.91","2700000","預售屋、或土地及建物分件登記案件；","RPXOMLLLLHKGFDA28EA","84.34","0.0","11.55","有","","a_lvr_land_a.csv"
"信義區","房地(土地+建物)+車位","臺北市信義區吳興街６００巷３２號十一樓","27.13","住","","","1090502","土地2建物1車位2","十一層","十三層","住宅大樓(11層含以上有電梯)","住家用","鋼筋混凝土造","1131126","217.18","3","2","2","有","無","39600000","237165","坡道平面","73.82","5600000","預售屋、或土地及建物分件登記案件；","RPXPMLLLLHKGFDA38EA","84.34","0.0","11.55","有","","a_lvr_land_a.csv"
"信義區","房地(土地+建物)+車位","臺北市信義區吳興街６００巷２２號九樓","22.8","住","","","1090430","土地2建物1車位1","九層","十三層","住宅大樓(11層含以上有電梯)","住家用","鋼筋混凝土造","1131126","156.86","3","2","2","有","無","31030000","235348","坡道平面","36.91","2800000","110.2.24辦理換約讓渡予配偶預售屋、或土地及建物分件登記案件；","RPUOMLLLLHKGFDA97EA","71.21","0.0","9.06","有","","a_lvr_land_a.csv"
"信義區","房地(土地+建物)+車位","臺北市信義區吳興街６００巷２６號十二樓","13.38","住","","","1090414","土地2建物1車位1","十二層","十三層","住宅大樓(11層含以上有電梯)","住家用","鋼筋混凝土造","1131126","104.88","2","1","1","有","無","19520000","245991","坡道平面","36.91","2800000","原購109.4.14配偶間讓渡換約預售屋、或土地及建物分件登記案件；","RPPPMLLLLHKGFDA57EA","41.59","0.0","3.9","有","","a_lvr_land_a.csv"
"信義區","房地(土地+建物)+車位","臺北市信義區吳興街６００巷３０號三樓","13.45","住","","","1090412","土地2建物1車位1","三層","十三層","住宅大樓(11層含以上有電梯)","住家用","鋼筋混凝土造","1131126","105.14","2","1","1","有","無","17700000","221310","坡道平面","36.91","2600000","預售屋、或土地及建物分件登記案件；","RPQPMLLLLHKGFDA67EA","41.79","0.0","3.85","有","","a_lvr_land_a.csv"
"信義區","房地(土地+建物)+車位","臺北市信義區吳興街６００巷２６號九樓","13.38","住","","","1090325","土地2建物1車位1","九層","十三層","住宅大樓(11層含以上有電梯)","住家用","鋼筋混凝土造","1131126","104.88","2","1","1","有","無","18650000","234662","坡道平面","36.91","2700000","預售屋、或土地及建物分件登記案件；","RPOPMLLLLHKGFDA47EA","41.59","0.0","3.9","有","","a_lvr_land_a.csv"
"北投區","房地(土地+建物)+車位","臺北市北投區洲美里福善路","32.98","住","","","1140311","土地1建物1車位1","六層","14","住宅大樓(11層含以上有電梯)","住家用","鋼筋混凝土造","","154.3","3","2","2","有","無","42760000","318117","坡道平面","29.0","2900000","","RPUNMLLKLHKGFEA77CB","達麗河?","A棟A3-6F號","","a_lvr_land_b.csv"
"士林區","房地(土地+建物)","臺北市士林區中山北路六段290巷30號","9.43","住","","","1140312","土地1建物1車位0","十層","11","住宅大樓(11層含以上有電梯)","住家用","鋼筋混凝土造","","50.82","1","1","1","有","無","19580000","385281","","0.0","0","","RPPNMLNKLHKGFEA47CB","璽琚","C-10號","","a_lvr_land_b.csv"
"信義區","房地(土地+建物)+車位","臺北市信義區忠孝東路五段236巷10弄10號2樓","21.09","住","","","1140311","土地11建物1車位1","十三層","18","住宅大樓(11層含以上有電梯)","住家用","鋼筋混凝土造","","182.34","3","2","2","有","無","77600000","508790","坡道平面","37.29","3800000","","RPQNMLOKLHKGFDA57CB","璞松高","A6-13F號","","a_lvr_land_b.csv"
"文山區","房地(土地+建物)+車位","臺北市文山區木柵路一段","13.98","住","","","1140314","土地2建物1車位1","六層","34","住宅大樓(11層含以上有電梯)","住家用","見其他登記事項","","111.04","2","2","2","有","無","29940000","306551","坡道平面","24.79","3500000","","RPPNMLRKLHKGFAA47CB","元利四季莊園","A棟06F-A03號","","a_lvr_land_b.csv"
"文山區","房地(土地+建物)+車位","臺北市文山區木柵路一段","13.18","住","","","1140316","土地2建物1車位1","二十七層","34","住宅大樓(11層含以上有電梯)","住家用","見其他登記事項","","106.15","2","2","2","有","無","30780000","343904","坡道平面","24.79","2800000","","RPQNMLRKLHKGFAA57CB","元利四季莊園","A棟27F-A08號","","a_lvr_land_b.csv"
"大同區","房地(土地+建物)","臺北市大同區民權西路160巷26弄","21.21","住","","","1140315","土地20建物1車位0","十一層","12","住宅大樓(11層含以上有電梯)","住家用","鋼筋混凝土造","","137.52","3","2","2","有","無","46680000","339442","","0.0","0","","RPQNMLRKLHKGFBA67CB","大同新豐采","A1-11F號","","a_lvr_land_b.csv"
"大同區","房地(土地+建物)+車位","臺北市大同區民權西路160巷26弄","18.49","住","","","1140315","土地20建物1車位1","三層","12","住宅大樓(11層含以上有電梯)","住家用","鋼筋混凝土造","","157.58","3","2","2","有","無","39880000","311812","坡道平面","37.7","2500000","","RPRNMLRKLHKGFBA77CB","大同新豐采","A5-3F號","","a_lvr_land_b.csv"
"大同區","房地(土地+建物)+車位","臺北市大同區民權西路160巷26弄","19.83","住","","","1140316","土地20建物1車位1","十二層","12","住宅大樓(11層含以上有電梯)","住家用","鋼筋混凝土造","","166.31","3","2","3","有","無","46880000","341575","坡道平面","37.7","2950000","","RPSNMLRKLHKGFBA87CB","大同新豐采","A5-12F號","","a_lvr_land_b.csv"
"中山區","房地(土地+建物)+車位","臺北市中山區新福里吉林路329巷15號","27.61","住","","","1140314","土地39建物1車位1","二層","15","住宅大樓(11層含以上有電梯)","住家用","鋼筋混凝土造","","186.3","3","2","2","有","無","66000000","403486","坡道平面","31.4","3500000","本戶雨遮2.21坪雨遮不計價","RPPNMLRKLHKGFCA67CB","鄉林中山賦","B棟B7-2F號","","a_lvr_land_b.csv"
"信義區","房地(土地+建物)+車位","臺北市信義區基隆路一段83巷與基隆路一段37巷交叉口","12.04","住","","","1140315","土地15建物1車位1","十八層","23","住宅大樓(11層含以上有電梯)","住家用","鋼骨鋼筋混凝土造","","148.87","2","2","2","有","無","53300000","441937","坡道平面","36.75","3750000","","RPPNMLSKLHKGFDA87CB","國美榕遇","A棟A9-18F號","","a_lvr_land_b.csv"
"信義區","房地(土地+建物)","臺北市信義區基隆路一段83巷與基隆路一段37巷交叉口","8.21","住","","","1140313","土地15建物1車位0","十五層","23","住宅大樓(11層含以上有電梯)","住家用","鋼骨鋼筋混凝土造","","76.4","2","2","1","有","無","35780000","468325","","0.0","0","","RPQNMLSKLHKGFDA97CB","國美榕遇","A棟A7-15F號","","a_lvr_land_b.csv"
"北投區","房地(土地+建物)","臺北市北投區中央北路二段308號","17.82","住","","","1140315","土地9建物1車位0","九層","14","住宅大樓(11層含以上有電梯)","住家用","鋼筋混凝土造","","93.56","2","2","2","有","無","24150000","258123","","0.0","0","","RPQNMLSKLHKGFEA08CB","華威豐耘","D-09F號","","a_lvr_land_b.csv"
"北投區","房地(土地+建物)+車位","臺北市北投區文林北路與文承路交叉口","28.47","住","","","1140319","土地1建物1車位1","十四層","18","住宅大樓(11層含以上有電梯)","住家用","鋼骨鋼筋混凝土造","","189.62","3","2","2","有","無","60370000","385449","坡道平面","41.04","3100000","","RPQNMLTKLHKGFEA28DB","麟 璞真","B-14F號","","a_lvr_land_b.csv"
"北投區","房地(土地+建物)+車位","臺北市北投區文林北路與文承路交叉口","32.25","住","","","1140319","土地1建物1車位1","十四層","18","住宅大樓(11層含以上有電梯)","住家用","鋼骨鋼筋混凝土造","","211.78","3","2","2","有","無","68400000","386882","坡道平面","43.77","3400000","","RPRNMLTKLHKGFEA38DB","麟 璞真","C-14F號","","a_lvr_land_b.csv"
"大安區","房地(土地+建物)","臺北市大安區四維路228巷","21.03","住","","","1140317","土地15建物1車位0","五層","13","住宅大樓(11層含以上有電梯)","住家用","鋼筋混凝土造","","143.69","2","2","2","有","無","67560000","470179","","0.0","0","權狀含雨遮面積約4.17平方公尺，不計入買賣總價內。","RPQNMLKLLHKGFFA47CB","敦南詠?","J號","","a_lvr_land_b.csv"
"大安區","房地(土地+建物)+車位","臺北市大安區四維路228巷","20.02","住","","","1140313","土地15建物1車位1","六層","13","住宅大樓(11層含以上有電梯)","住家用","鋼筋混凝土造","","174.48","2","2","2","有","無","69980000","485429","坡道平面","39.28","4350000","權狀含雨遮面積約3.17平方公尺，不計入買賣總價內。","RPSNMLKLLHKGFFA67CB","敦南詠?","G號","","a_lvr_land_b.csv"
"中山區","房地(土地+建物)+車位","臺北市中山區中吉里四平街37號","17.9","住","","","1140313","土地3建物1車位1","八層","12","住宅大樓(11層含以上有電梯)","住家用","見其他登記事項","","119.46","3","1","2","有","無","47500000","444974","其他","18.78","2700000","","RPPNMLLLLHKGFCA17CB","松江.桓?","A1-8F號","","a_lvr_land_b.csv"
"北投區","房地(土地+建物)+車位","臺北市北投區福真路","33.32","住","","","1140318","土地1建物1車位2","九層","24","住宅大樓(11層含以上有電梯)","住家用","鋼骨鋼筋混凝土造","","238.92","4","2","2","有","無","83800000","413858","坡道平面","52.02","6450000","","RPQNMLLLLHKGFEA47CB","遠雄泱玥","A02棟F09號","","a_lvr_land_b.csv"
"內湖區","房地(土地+建物)+車位","臺北市內湖區石潭里民權東路六段180巷","31.87","住","","","1140311","土地6建物1車位1","二層","6","華廈(10層含以下有電梯)","住家用","鋼筋混凝土造","","126.02","2","2","1","有","無","27870000","278155","坡道平面","36.07","2850000","","RPQNMLNLLHKGFCA47CB","和暘夏灣","B棟B3-2F號","","a_lvr_land_b.csv"
"內湖區","房地(土地+建物)","臺北市內湖區石潭里民權東路六段180巷","25.36","住","","","1140311","土地6建物1車位0","三層","6","華廈(10層含以下有電梯)","住家用","鋼筋混凝土造","","71.49","2","2","1","有","無","21420000","299622","","0.0","0","","RPRNMLNLLHKGFCA57CB","和暘夏灣","C棟C2-3F號","","a_lvr_land_b.csv"
"內湖區","房地(土地+建物)+車位","臺北市內湖區石潭里民權東路六段180巷","30.78","住","","","1140312","土地6建物1車位1","三層","6","華廈(10層含以下有電梯)","住家用","鋼筋混凝土造","","122.62","2","2","1","有","無","26890000","278914","坡道平面","36.07","2750000","","RPSNMLNLLHKGFCA67CB","和暘夏灣","B棟B1-3F號","","a_lvr_land_b.csv"
"文山區","房地(土地+建物)+車位","臺北市文山區木柵路一段","17.76","住","","","1140317","土地2建物1車位1","三十層","34","住宅大樓(11層含以上有電梯)","住家用","見其他登記事項","","134.18","3","2","2","有","無","42000000","355151","坡道平面","24.79","3150000","","RPPNMLOLLHKGFAA27CB","元利四季莊園","B棟30F-B02號","","a_lvr_land_b.csv"
"文山區","房地(土地+建物)+車位","臺北市文山區木柵路一段","29.9","住","","","1140318","土地2建物1車位1","十三層","34","住宅大樓(11層含以上有電梯)","住家用","見其他登記事項","","209.22","3","2","3","有","無","61440000","316868","坡道平面","24.79","3000000","","RPRNMLOLLHKGFAA47CB","元利四季莊園","D棟13F-D03號","","a_lvr_land_b.csv"
"文山區","房地(土地+建物)+車位","臺北市文山區木柵路一段","13.18","住","","","1140318","土地2建物1車位1","三層","34","住宅大樓(11層含以上有電梯)","住家用","見其他登記事項","","106.15","2","2","2","有","無","28660000","312930","坡道平面","24.79","3200000","","RPSNMLOLLHKGFAA57CB","元利四季莊園","D棟03F-D06號","","a_lvr_land_b.csv"
"文山區","房地(土地+建物)","臺北市文山區木柵路一段","17.72","住","","","1140314","土地2建物1車位0","二十一層","26","住宅大樓(11層含以上有電梯)","住家用","見其他登記事項","","109.28","3","2","2","有","無","36630000","335194","","0.0","0","","RPTNMLOLLHKGFAA67CB","元利四季莊園","F棟21F-F02號","","a_lvr_land_b.csv"
"文山區","房地(土地+建物)+車位","臺北市文山區木柵路一段","26.84","住","","","1140320","土地2建物1車位1","五層","26","住宅大樓(11層含以上有電梯)","住家用","見其他登記事項","","188.3","3","2","2","有","無","52370000","298967","坡道平面","22.83","2900000","","RPUNMLOLLHKGFAA77CB","元利四季莊園","F棟05F-F05號","","a_lvr_land_b.csv"
"文山區","房地(土地+建物)+車位","臺北市文山區木柵路一段","26.84","住","","","1140316","土地2建物1車位1","十層","26","住宅大樓(11層含以上有電梯)","住家用","見其他登記事項","","190.26","3","2","2","有","無","53850000","306098","坡道平面","24.79","3200000","","RPVNMLOLLHKGFAA87CB","元利四季莊園","F棟10F-F05號","","a_lvr_land_b.csv"
"中正區","房地(土地+建物)","臺北市中正區重慶南路三段三巷１０號","8.87","住","","","1140312","土地7建物1車位0","十層","10","華廈(10層含以下有電梯)","住家用","鋼筋混凝土造","","46.46","0","1","1","有","無","21290000","458244","","0.0","0","本戶有露台約定專用面積","RPWNMLOLLHKGFAA97CB","陞遠琚","D-10F號","","a_lvr_land_b.csv"
"大同區","房地(土地+建物)+車位","臺北市大同區民權西路160巷26弄","21.21","住","","","1140318","土地20建物1車位2","十層","12","住宅大樓(11層含以上有電梯)","住家用","鋼筋混凝土造","","212.92","3","2","2","有","無","52550000","336315","坡道平面","75.4","6300000","","RPQNMLPLLHKGFBA57CB","大同新豐采","A1-10F號","","a_lvr_land_b.csv"
"中山區","房地(土地+建物)+車位","臺北市中山區北安路759巷2號","8.96","住","","","1140317","土地10建物1車位1","十九層","31","住宅大樓(11層含以上有電梯)","住家用","鋼骨混凝土造","","114.84","2","2","2","有","無","43980000","473064","坡道平面","30.01","3850000","","RPQNMLPLLHKGFCA67CB","TOP31","B2-19F號","","a_lvr_land_b.csv"
"士林區","房地(土地+建物)+車位","臺北市士林區福林路377號","15.73","住","","","1140316","土地7建物1車位1","五層","13","住宅大樓(11層含以上有電梯)","住家用","鋼筋混凝土造","","122.07","2","1","2","有","無","31900000","353258","坡道平面","40.26","3000000","","RPRNMLPLLHKGFEA97CB","溪泊林","A棟A3號","","a_lvr_land_b.csv"
"北投區","房地(土地+建物)+車位","臺北市北投區洲美里福善路","29.46","住","","","1140315","土地1建物1車位1","四層","13","住宅大樓(11層含以上有電梯)","住家用","鋼筋混凝土造","","140.9","3","2","2","有","無","38400000","317248","坡道平面","29.0","2900000","","RPTNMLPLLHKGFEA18CB","達麗河?","B棟B6-4F號","","a_lvr_land_b.csv"
"大安區","房地(土地+建物)","臺北市大安區古風里泰順街62巷與辛亥路一段77巷巷口","8.73","住","","","1140318","土地27建物1車位0","五層","21","住宅大樓(11層含以上有電梯)","住家用","鋼骨鋼筋混凝土造","","60.57","1","2","1","有","無","28570000","471686","","0.0","0","","RPWNMLPLLHKGFFA58CB","文与堂","A棟A5-05F號","","a_lvr_land_b.csv"
"中正區","房地(土地+建物)+車位","臺北市中正區杭州南路一段143巷","20.86","住","","","1140316","土地9建物1車位1","四層","10","華廈(10層含以下有電梯)","住家用","鋼筋混凝土造","","140.87","3","2","2","有","無","52740000","458270","坡道平面","34.95","4200000","","RPPNMLRLLHKGFBA67CB","皇翔柏悅","A6棟4F號","","a_lvr_land_b.csv"
"松山區","房地(土地+建物)","臺北市松山區南京東路五段２９１巷２９弄２３號","12.68","住","","","1140315","土地1建物1車位0","四層","8","華廈(10層含以下有電梯)","住家用","鋼筋混凝土造","","64.15","2","1","1","有","無","24000000","374123","","0.0","0","","RPWNMLSLLHKGFDA68CB","京釀","A1-4F號","","a_lvr_land_b.csv"
"內湖區","房地(土地+建物)+車位","臺北市內湖區石潭里民權東路六段180巷","31.65","住","","","1140315","土地6建物1車位1","五層","6","華廈(10層含以下有電梯)","住家用","鋼筋混凝土造","","125.18","2","2","1","有","無","29000000","293458","坡道平面","36.07","2850000","","RPPNMLKMLHKGFCA17CB","和暘夏灣","A棟A1-5F號","","a_lvr_land_b.csv"
"內湖區","房地(土地+建物)+車位","臺北市內湖區石潭里民權東路六段180巷","27.97","住","","","1140315","土地6建物1車位1","四層","6","華廈(10層含以下有電梯)","住家用","鋼筋混凝土造","","115.14","2","2","2","有","無","26670000","302517","坡道平面","36.07","2750000","","RPQNMLKMLHKGFCA27CB","和暘夏灣","A棟A3-4F號","","a_lvr_land_b.csv"
"內湖區","房地(土地+建物)+車位","臺北市內湖區石潭里民權東路六段180巷","31.87","住","","","1140318","土地6建物1車位1","三層","6","華廈(10層含以下有電梯)","住家用","鋼筋混凝土造","","125.95","2","2","1","有","無","28170000","280596","坡道平面","36.07","2950000","","RPRNMLKMLHKGFCA37CB","和暘夏灣","B棟B5-3F號","","a_lvr_land_b.csv"
"文山區","房地(土地+建物)+車位","臺北市文山區木柵路一段","27.83","住","","","1140315","土地2建物1車位1","六層","34","住宅大樓(11層含以上有電梯)","住家用","見其他登記事項","","196.3","3","2","2","有","無","53710000","294502","坡道平面","24.79","3200000","","RPPNMLLMLHKGFAA07CB","元利四季莊園","A棟06F-A01號","","a_lvr_land_b.csv"
"文山區","房地(土地+建物)+車位","臺北市文山區木柵路二段１６８巷１號","19.95","住","","","1140314","土地26建物1車位1","八層","22","住宅大樓(11層含以上有電梯)","見其他登記事項","鋼筋混凝土造","","161.66","3","2","2","有","無","38540000","273454","坡道平面","32.79","3300000","雨遮面積登計不計價","RPROMLLMLHKGFAA37CB","將捷旅境.-真境","B棟B1-8F號","","a_lvr_land_b.csv"
"松山區","房地(土地+建物)","臺北市松山區南京東路五段２９１巷２９弄２３號","12.68","住","","","1140317","土地1建物1車位0","八層","8","華廈(10層含以下有電梯)","住家用","鋼筋混凝土造","","64.15","2","1","1","有","無","25500000","397506","","0.0","0","","RPPNMLLMLHKGFDA37CB","京釀","A1-8F號","","a_lvr_land_b.csv"
"大安區","房地(土地+建物)","臺北市大安區安東街35巷","9.77","住","","","1140315","土地1建物1車位0","十二層","13","住宅大樓(11層含以上有電梯)","住家用","鋼筋混凝土造","","62.15","2","1","1","有","無","31800000","511665","","0.0","0","","RPPNMLLMLHKGFFA57CB","親家JIA","E號","","a_lvr_land_b.csv"
"文山區","房地(土地+建物)","臺北市文山區木柵路二段１６８巷１號","19.76","住","","","1140319","土地26建物1車位0","五層","22","住宅大樓(11層含以上有電梯)","見其他登記事項","鋼筋混凝土造","","126.25","3","2","2","有","無","34170000","270653","","0.0","0","雨遮面積登記不計價","RPPNMLLJMHKGFAA86CB","將捷旅境.-真境","B棟B3-5F號","","a_lvr_land_b.csv"
"北投區","房地(土地+建物)+車位","臺北市北投區石牌路二段315巷","28.85","住","","","1140313","土地2建物1車位2","八層","15","住宅大樓(11層含以上有電梯)","住家用","鋼筋混凝土造","","199.02","3","2","2","有","無","40000000","261047","坡道平面","66.86","5500000","洗脫烘衣機、冰箱、電視、空調親友、員工、共有人或其他特殊關係間之交易；","RPPNMLMJMHKGFEA37CB","龍霖初心","A6-08F號","","a_lvr_land_b.csv"
"大安區","房地(土地+建物)","臺北市大安區和平東路三段506號","13.5","住","","","1140314","土地10建物1車位0","六層","10","華廈(10層含以下有電梯)","住家用","鋼筋混凝土造","","67.99","2","2","1","有","無","23100000","339756","","0.0","0","","RPSNMLRJMHKGFFA28CB","大安文硯","H棟0號","","a_lvr_land_b.csv"
"中山區","房地(土地+建物)+車位","臺北市中山區中山區新生里新生北路二段137巷1號旁","13.15","住","","","1140315","土地16建物1車位1","四層","15","住宅大樓(11層含以上有電梯)","住家用","鋼筋混凝土造","","145.59","3","1","2","有","無","44340000","347710","坡道平面","25.26","2500000","","RPRNMLSJMHKGFCA97CB","鼎吉中山","A1-4F號","","a_lvr_land_b.csv"
"北投區","房地(土地+建物)+車位","臺北市北投區文林北路與文承路交叉口","37.62","住","","","1140319","土地2建物1車位2","二十三層","25","住宅大樓(11層含以上有電梯)","住家用","見其他登記事項","","249.34","3","2","3","有","無","72160000","345532","坡道平面","57.52","5880000","親友、員工、共有人或其他特殊關係間之交易；","RPQNMLLKMHKGFEA47CB","華固上文林","A1-23號","","a_lvr_land_b.csv"
"信義區","房地(土地+建物)+車位","臺北市信義區虎林街202巷6-16號","14.84","住","","","1140320","土地19建物1車位1","二層","12","住宅大樓(11層含以上有電梯)","住家用","鋼筋混凝土造","","91.98","2","2","1","有","無","33350000","405264","塔式車位","15.61","2400000","","RPPNMLSKMHKGFDA97CB","信義蒔代","B2-02F號","","a_lvr_land_b.csv"